timestamp, name, uuid, temperature.gpu, utilization.gpu [%], memory.used [MiB], memory.total [MiB], power.draw [W]
2026/09/26 15:03:56.009, NVIDIA GeForce RTX 3090, <REDACTED_GPU_UUID>, 60, 12 %, 1613 MiB, 24576 MiB, 40.95 W
2026/09/26 15:03:57.021, NVIDIA GeForce RTX 3090, <REDACTED_GPU_UUID>, 60, 16 %, 1605 MiB, 24576 MiB, 41.11 W
2026/09/26 15:03:58.021, NVIDIA GeForce RTX 3090, <REDACTED_GPU_UUID>, 60, 29 %, 1606 MiB, 24576 MiB, 42.27 W
2026/09/26 15:03:59.021, NVIDIA GeForce RTX 3090, <REDACTED_GPU_UUID>, 60, 29 %, 1587 MiB, 24576 MiB, 45.65 W
2026/09/26 15:04:00.022, NVIDIA GeForce RTX 3090, <REDACTED_GPU_UUID>, 60, 40 %, 1607 MiB, 24576 MiB, 45.31 W
2026/09/26 15:04:01.022, NVIDIA GeForce RTX 3090, <REDACTED_GPU_UUID>, 60, 53 %, 1650 MiB, 24576 MiB, 46.32 W
2026/09/26 15:04:02.022, NVIDIA GeForce RTX 3090, <REDACTED_GPU_UUID>, 60, 9 %, 1647 MiB, 24576 MiB, 47.40 W
2026/09/26 15:04:03.022, NVIDIA GeForce RTX 3090, <REDACTED_GPU_UUID>, 60, 53 %, 1636 MiB, 24576 MiB, 42.22 W
2026/09/26 15:04:04.022, NVIDIA GeForce RTX 3090, <REDACTED_GPU_UUID>, 60, 14 %, 1643 MiB, 24576 MiB, 45.87 W
2026/09/26 15:04:05.022, NVIDIA GeForce RTX 3090, <REDACTED_GPU_UUID>, 60, 9 %, 1598 MiB, 24576 MiB, 42.85 W
2026/09/26 15:04:06.022, NVIDIA GeForce RTX 3090, <REDACTED_GPU_UUID>, 60, 30 %, 1598 MiB, 24576 MiB, 40.65 W
2026/09/26 15:04:07.023, NVIDIA GeForce RTX 3090, <REDACTED_GPU_UUID>, 60, 33 %, 1595 MiB, 24576 MiB, 42.80 W
2026/09/26 15:04:08.023, NVIDIA GeForce RTX 3090, <REDACTED_GPU_UUID>, 60, 31 %, 1595 MiB, 24576 MiB, 42.87 W
2026/09/26 15:04:09.023, NVIDIA GeForce RTX 3090, <REDACTED_GPU_UUID>, 60, 31 %, 1594 MiB, 24576 MiB, 42.69 W
2026/09/26 15:04:10.023, NVIDIA GeForce RTX 3090, <REDACTED_GPU_UUID>, 60, 19 %, 1594 MiB, 24576 MiB, 41.93 W
2026/09/26 15:04:11.023, NVIDIA GeForce RTX 3090, <REDACTED_GPU_UUID>, 60, 18 %, 1617 MiB, 24576 MiB, 42.41 W
2026/09/26 15:04:12.024, NVIDIA GeForce RTX 3090, <REDACTED_GPU_UUID>, 60, 18 %, 1617 MiB, 24576 MiB, 40.72 W
2026/09/26 15:04:13.024, NVIDIA GeForce RTX 3090, <REDACTED_GPU_UUID>, 60, 18 %, 1613 MiB, 24576 MiB, 40.75 W
2026/09/26 15:04:14.024, NVIDIA GeForce RTX 3090, <REDACTED_GPU_UUID>, 60, 26 %, 1620 MiB, 24576 MiB, 43.07 W
2026/09/26 15:04:15.024, NVIDIA GeForce RTX 3090, <REDACTED_GPU_UUID>, 60, 22 %, 1618 MiB, 24576 MiB, 42.25 W
2026/09/26 15:04:16.024, NVIDIA GeForce RTX 3090, <REDACTED_GPU_UUID>, 60, 22 %, 1602 MiB, 24576 MiB, 42.66 W
2026/09/26 15:04:17.024, NVIDIA GeForce RTX 3090, <REDACTED_GPU_UUID>, 60, 42 %, 1622 MiB, 24576 MiB, 43.17 W
2026/09/26 15:04:18.024, NVIDIA GeForce RTX 3090, <REDACTED_GPU_UUID>, 60, 39 %, 1639 MiB, 24576 MiB, 45.00 W
2026/09/26 15:04:19.025, NVIDIA GeForce RTX 3090, <REDACTED_GPU_UUID>, 60, 12 %, 1630 MiB, 24576 MiB, 43.96 W
2026/09/26 15:04:20.025, NVIDIA GeForce RTX 3090, <REDACTED_GPU_UUID>, 60, 45 %, 1634 MiB, 24576 MiB, 43.27 W
2026/09/26 15:04:21.025, NVIDIA GeForce RTX 3090, <REDACTED_GPU_UUID>, 60, 50 %, 1645 MiB, 24576 MiB, 45.33 W
2026/09/26 15:04:22.025, NVIDIA GeForce RTX 3090, <REDACTED_GPU_UUID>, 60, 38 %, 1657 MiB, 24576 MiB, 43.41 W
2026/09/26 15:04:23.025, NVIDIA GeForce RTX 3090, <REDACTED_GPU_UUID>, 60, 19 %, 1642 MiB, 24576 MiB, 47.28 W
2026/09/26 15:04:24.026, NVIDIA GeForce RTX 3090, <REDACTED_GPU_UUID>, 60, 55 %, 1641 MiB, 24576 MiB, 44.31 W
2026/09/26 15:04:25.026, NVIDIA GeForce RTX 3090, <REDACTED_GPU_UUID>, 59, 11 %, 1640 MiB, 24576 MiB, 44.36 W
2026/09/26 15:04:26.026, NVIDIA GeForce RTX 3090, <REDACTED_GPU_UUID>, 59, 14 %, 1633 MiB, 24576 MiB, 41.96 W
2026/09/26 15:04:27.026, NVIDIA GeForce RTX 3090, <REDACTED_GPU_UUID>, 59, 13 %, 1620 MiB, 24576 MiB, 43.06 W
2026/09/26 15:04:28.026, NVIDIA GeForce RTX 3090, <REDACTED_GPU_UUID>, 59, 19 %, 1616 MiB, 24576 MiB, 41.39 W
2026/09/26 15:04:29.026, NVIDIA GeForce RTX 3090, <REDACTED_GPU_UUID>, 59, 41 %, 1694 MiB, 24576 MiB, 43.87 W
2026/09/26 15:04:30.026, NVIDIA GeForce RTX 3090, <REDACTED_GPU_UUID>, 59, 56 %, 1636 MiB, 24576 MiB, 46.67 W
2026/09/26 15:04:31.027, NVIDIA GeForce RTX 3090, <REDACTED_GPU_UUID>, 59, 11 %, 1617 MiB, 24576 MiB, 43.37 W
2026/09/26 15:04:32.027, NVIDIA GeForce RTX 3090, <REDACTED_GPU_UUID>, 59, 37 %, 1615 MiB, 24576 MiB, 43.57 W
2026/09/26 15:04:33.027, NVIDIA GeForce RTX 3090, <REDACTED_GPU_UUID>, 59, 14 %, 1627 MiB, 24576 MiB, 47.05 W
2026/09/26 15:04:34.027, NVIDIA GeForce RTX 3090, <REDACTED_GPU_UUID>, 59, 7 %, 1617 MiB, 24576 MiB, 44.66 W
2026/09/26 15:04:35.027, NVIDIA GeForce RTX 3090, <REDACTED_GPU_UUID>, 59, 12 %, 1606 MiB, 24576 MiB, 44.62 W
2026/09/26 15:04:36.027, NVIDIA GeForce RTX 3090, <REDACTED_GPU_UUID>, 59, 32 %, 1610 MiB, 24576 MiB, 43.63 W
2026/09/26 15:04:37.027, NVIDIA GeForce RTX 3090, <REDACTED_GPU_UUID>, 59, 27 %, 1605 MiB, 24576 MiB, 44.65 W
2026/09/26 15:04:38.028, NVIDIA GeForce RTX 3090, <REDACTED_GPU_UUID>, 59, 44 %, 1604 MiB, 24576 MiB, 45.13 W
2026/09/26 15:04:39.028, NVIDIA GeForce RTX 3090, <REDACTED_GPU_UUID>, 59, 21 %, 1605 MiB, 24576 MiB, 46.72 W
2026/09/26 15:04:40.028, NVIDIA GeForce RTX 3090, <REDACTED_GPU_UUID>, 59, 21 %, 1605 MiB, 24576 MiB, 44.23 W
2026/09/26 15:04:41.028, NVIDIA GeForce RTX 3090, <REDACTED_GPU_UUID>, 59, 33 %, 1607 MiB, 24576 MiB, 44.64 W
2026/09/26 15:04:42.028, NVIDIA GeForce RTX 3090, <REDACTED_GPU_UUID>, 59, 12 %, 1607 MiB, 24576 MiB, 43.95 W
2026/09/26 15:04:43.028, NVIDIA GeForce RTX 3090, <REDACTED_GPU_UUID>, 59, 35 %, 1608 MiB, 24576 MiB, 42.91 W
2026/09/26 15:04:44.028, NVIDIA GeForce RTX 3090, <REDACTED_GPU_UUID>, 59, 33 %, 1614 MiB, 24576 MiB, 45.80 W
2026/09/26 15:04:45.029, NVIDIA GeForce RTX 3090, <REDACTED_GPU_UUID>, 59, 36 %, 1610 MiB, 24576 MiB, 46.70 W
2026/09/26 15:04:46.029, NVIDIA GeForce RTX 3090, <REDACTED_GPU_UUID>, 59, 44 %, 1588 MiB, 24576 MiB, 46.34 W
2026/09/26 15:04:47.029, NVIDIA GeForce RTX 3090, <REDACTED_GPU_UUID>, 59, 34 %, 1748 MiB, 24576 MiB, 46.98 W
2026/09/26 15:04:48.029, NVIDIA GeForce RTX 3090, <REDACTED_GPU_UUID>, 59, 19 %, 1855 MiB, 24576 MiB, 47.87 W
2026/09/26 15:04:49.029, NVIDIA GeForce RTX 3090, <REDACTED_GPU_UUID>, 59, 24 %, 1862 MiB, 24576 MiB, 46.96 W
2026/09/26 15:04:50.029, NVIDIA GeForce RTX 3090, <REDACTED_GPU_UUID>, 59, 66 %, 1796 MiB, 24576 MiB, 45.77 W
2026/09/26 15:04:51.029, NVIDIA GeForce RTX 3090, <REDACTED_GPU_UUID>, 59, 10 %, 1790 MiB, 24576 MiB, 45.67 W
2026/09/26 15:04:52.029, NVIDIA GeForce RTX 3090, <REDACTED_GPU_UUID>, 59, 82 %, 1793 MiB, 24576 MiB, 42.67 W
2026/09/26 15:04:53.030, NVIDIA GeForce RTX 3090, <REDACTED_GPU_UUID>, 59, 32 %, 1780 MiB, 24576 MiB, 46.04 W
2026/09/26 15:04:54.030, NVIDIA GeForce RTX 3090, <REDACTED_GPU_UUID>, 59, 11 %, 1902 MiB, 24576 MiB, 45.12 W
2026/09/26 15:04:55.030, NVIDIA GeForce RTX 3090, <REDACTED_GPU_UUID>, 60, 61 %, 1881 MiB, 24576 MiB, 47.21 W
2026/09/26 15:04:56.030, NVIDIA GeForce RTX 3090, <REDACTED_GPU_UUID>, 59, 11 %, 1820 MiB, 24576 MiB, 47.18 W
2026/09/26 15:04:57.030, NVIDIA GeForce RTX 3090, <REDACTED_GPU_UUID>, 59, 15 %, 1849 MiB, 24576 MiB, 44.29 W
2026/09/26 15:04:58.030, NVIDIA GeForce RTX 3090, <REDACTED_GPU_UUID>, 59, 18 %, 1808 MiB, 24576 MiB, 44.00 W
2026/09/26 15:04:59.031, NVIDIA GeForce RTX 3090, <REDACTED_GPU_UUID>, 59, 34 %, 1758 MiB, 24576 MiB, 42.78 W
2026/09/26 15:05:00.031, NVIDIA GeForce RTX 3090, <REDACTED_GPU_UUID>, 59, 33 %, 1733 MiB, 24576 MiB, 46.19 W
2026/09/26 15:05:01.031, NVIDIA GeForce RTX 3090, <REDACTED_GPU_UUID>, 59, 11 %, 1721 MiB, 24576 MiB, 43.65 W
2026/09/26 15:05:02.031, NVIDIA GeForce RTX 3090, <REDACTED_GPU_UUID>, 59, 39 %, 1746 MiB, 24576 MiB, 46.05 W
2026/09/26 15:05:03.031, NVIDIA GeForce RTX 3090, <REDACTED_GPU_UUID>, 59, 12 %, 1733 MiB, 24576 MiB, 47.12 W
2026/09/26 15:05:04.031, NVIDIA GeForce RTX 3090, <REDACTED_GPU_UUID>, 59, 36 %, 1666 MiB, 24576 MiB, 47.03 W
2026/09/26 15:05:05.031, NVIDIA GeForce RTX 3090, <REDACTED_GPU_UUID>, 59, 36 %, 1774 MiB, 24576 MiB, 44.14 W
2026/09/26 15:05:06.032, NVIDIA GeForce RTX 3090, <REDACTED_GPU_UUID>, 59, 21 %, 1748 MiB, 24576 MiB, 42.99 W
2026/09/26 15:05:07.032, NVIDIA GeForce RTX 3090, <REDACTED_GPU_UUID>, 59, 17 %, 1714 MiB, 24576 MiB, 41.64 W
2026/09/26 15:05:08.032, NVIDIA GeForce RTX 3090, <REDACTED_GPU_UUID>, 59, 16 %, 1646 MiB, 24576 MiB, 42.38 W
2026/09/26 15:05:09.032, NVIDIA GeForce RTX 3090, <REDACTED_GPU_UUID>, 59, 22 %, 1615 MiB, 24576 MiB, 40.56 W
2026/09/26 15:05:10.032, NVIDIA GeForce RTX 3090, <REDACTED_GPU_UUID>, 59, 32 %, 1595 MiB, 24576 MiB, 40.42 W
2026/09/26 15:05:11.033, NVIDIA GeForce RTX 3090, <REDACTED_GPU_UUID>, 59, 33 %, 1604 MiB, 24576 MiB, 42.83 W
2026/09/26 15:05:12.033, NVIDIA GeForce RTX 3090, <REDACTED_GPU_UUID>, 59, 32 %, 1600 MiB, 24576 MiB, 42.46 W
2026/09/26 15:05:13.033, NVIDIA GeForce RTX 3090, <REDACTED_GPU_UUID>, 59, 31 %, 1611 MiB, 24576 MiB, 42.22 W
2026/09/26 15:05:14.033, NVIDIA GeForce RTX 3090, <REDACTED_GPU_UUID>, 59, 19 %, 1601 MiB, 24576 MiB, 43.08 W
2026/09/26 15:05:15.033, NVIDIA GeForce RTX 3090, <REDACTED_GPU_UUID>, 59, 18 %, 1586 MiB, 24576 MiB, 40.39 W
2026/09/26 15:05:16.033, NVIDIA GeForce RTX 3090, <REDACTED_GPU_UUID>, 59, 18 %, 1586 MiB, 24576 MiB, 40.18 W
2026/09/26 15:05:17.034, NVIDIA GeForce RTX 3090, <REDACTED_GPU_UUID>, 59, 19 %, 1586 MiB, 24576 MiB, 40.44 W
2026/09/26 15:05:18.034, NVIDIA GeForce RTX 3090, <REDACTED_GPU_UUID>, 59, 22 %, 1566 MiB, 24576 MiB, 40.79 W
2026/09/26 15:05:19.034, NVIDIA GeForce RTX 3090, <REDACTED_GPU_UUID>, 59, 23 %, 1566 MiB, 24576 MiB, 42.42 W
2026/09/26 15:05:20.034, NVIDIA GeForce RTX 3090, <REDACTED_GPU_UUID>, 59, 25 %, 1557 MiB, 24576 MiB, 42.19 W
2026/09/26 15:05:21.034, NVIDIA GeForce RTX 3090, <REDACTED_GPU_UUID>, 59, 25 %, 1557 MiB, 24576 MiB, 41.76 W
2026/09/26 15:05:22.034, NVIDIA GeForce RTX 3090, <REDACTED_GPU_UUID>, 59, 12 %, 1557 MiB, 24576 MiB, 41.31 W
2026/09/26 15:05:23.034, NVIDIA GeForce RTX 3090, <REDACTED_GPU_UUID>, 59, 13 %, 1557 MiB, 24576 MiB, 39.83 W
2026/09/26 15:05:24.035, NVIDIA GeForce RTX 3090, <REDACTED_GPU_UUID>, 59, 12 %, 1557 MiB, 24576 MiB, 39.91 W
2026/09/26 15:05:25.035, NVIDIA GeForce RTX 3090, <REDACTED_GPU_UUID>, 59, 12 %, 1557 MiB, 24576 MiB, 40.15 W
2026/09/26 15:05:26.035, NVIDIA GeForce RTX 3090, <REDACTED_GPU_UUID>, 59, 22 %, 1557 MiB, 24576 MiB, 40.52 W
2026/09/26 15:05:27.035, NVIDIA GeForce RTX 3090, <REDACTED_GPU_UUID>, 59, 22 %, 1557 MiB, 24576 MiB, 42.05 W
2026/09/26 15:05:28.035, NVIDIA GeForce RTX 3090, <REDACTED_GPU_UUID>, 59, 23 %, 1557 MiB, 24576 MiB, 42.35 W
2026/09/26 15:05:29.036, NVIDIA GeForce RTX 3090, <REDACTED_GPU_UUID>, 59, 24 %, 1557 MiB, 24576 MiB, 42.47 W
2026/09/26 15:05:30.036, NVIDIA GeForce RTX 3090, <REDACTED_GPU_UUID>, 59, 12 %, 1557 MiB, 24576 MiB, 41.38 W
2026/09/26 15:05:31.036, NVIDIA GeForce RTX 3090, <REDACTED_GPU_UUID>, 59, 12 %, 1557 MiB, 24576 MiB, 40.14 W
2026/09/26 15:05:32.036, NVIDIA GeForce RTX 3090, <REDACTED_GPU_UUID>, 59, 12 %, 1557 MiB, 24576 MiB, 40.46 W
2026/09/26 15:05:33.036, NVIDIA GeForce RTX 3090, <REDACTED_GPU_UUID>, 59, 13 %, 1557 MiB, 24576 MiB, 40.50 W
2026/09/26 15:05:34.036, NVIDIA GeForce RTX 3090, <REDACTED_GPU_UUID>, 59, 24 %, 1557 MiB, 24576 MiB, 41.18 W
2026/09/26 15:05:35.037, NVIDIA GeForce RTX 3090, <REDACTED_GPU_UUID>, 59, 25 %, 1557 MiB, 24576 MiB, 42.08 W
2026/09/26 15:05:36.037, NVIDIA GeForce RTX 3090, <REDACTED_GPU_UUID>, 59, 26 %, 1557 MiB, 24576 MiB, 42.21 W
2026/09/26 15:05:37.037, NVIDIA GeForce RTX 3090, <REDACTED_GPU_UUID>, 59, 26 %, 1557 MiB, 24576 MiB, 42.44 W
2026/09/26 15:05:38.037, NVIDIA GeForce RTX 3090, <REDACTED_GPU_UUID>, 59, 13 %, 1557 MiB, 24576 MiB, 41.62 W
2026/09/26 15:05:39.037, NVIDIA GeForce RTX 3090, <REDACTED_GPU_UUID>, 59, 13 %, 1557 MiB, 24576 MiB, 40.46 W
2026/09/26 15:05:40.038, NVIDIA GeForce RTX 3090, <REDACTED_GPU_UUID>, 59, 13 %, 1557 MiB, 24576 MiB, 40.39 W
2026/09/26 15:05:41.038, NVIDIA GeForce RTX 3090, <REDACTED_GPU_UUID>, 59, 13 %, 1557 MiB, 24576 MiB, 40.46 W
2026/09/26 15:05:42.038, NVIDIA GeForce RTX 3090, <REDACTED_GPU_UUID>, 59, 24 %, 1557 MiB, 24576 MiB, 40.96 W
2026/09/26 15:05:43.038, NVIDIA GeForce RTX 3090, <REDACTED_GPU_UUID>, 59, 24 %, 1557 MiB, 24576 MiB, 42.34 W
2026/09/26 15:05:44.038, NVIDIA GeForce RTX 3090, <REDACTED_GPU_UUID>, 59, 24 %, 1557 MiB, 24576 MiB, 42.33 W
2026/09/26 15:05:45.038, NVIDIA GeForce RTX 3090, <REDACTED_GPU_UUID>, 59, 25 %, 1557 MiB, 24576 MiB, 42.14 W
2026/09/26 15:05:46.039, NVIDIA GeForce RTX 3090, <REDACTED_GPU_UUID>, 59, 14 %, 1557 MiB, 24576 MiB, 41.46 W
2026/09/26 15:05:47.039, NVIDIA GeForce RTX 3090, <REDACTED_GPU_UUID>, 59, 13 %, 1557 MiB, 24576 MiB, 40.06 W
2026/09/26 15:05:48.039, NVIDIA GeForce RTX 3090, <REDACTED_GPU_UUID>, 59, 14 %, 1557 MiB, 24576 MiB, 40.31 W
2026/09/26 15:05:49.039, NVIDIA GeForce RTX 3090, <REDACTED_GPU_UUID>, 59, 13 %, 1557 MiB, 24576 MiB, 40.17 W
2026/09/26 15:05:50.039, NVIDIA GeForce RTX 3090, <REDACTED_GPU_UUID>, 59, 25 %, 1557 MiB, 24576 MiB, 40.90 W
2026/09/26 15:05:51.040, NVIDIA GeForce RTX 3090, <REDACTED_GPU_UUID>, 59, 30 %, 1559 MiB, 24576 MiB, 42.15 W
2026/09/26 15:05:52.040, NVIDIA GeForce RTX 3090, <REDACTED_GPU_UUID>, 61, 3 %, 1568 MiB, 24576 MiB, 101.78 W
2026/09/26 15:05:53.040, NVIDIA GeForce RTX 3090, <REDACTED_GPU_UUID>, 61, 3 %, 1567 MiB, 24576 MiB, 132.77 W
2026/09/26 15:05:54.040, NVIDIA GeForce RTX 3090, <REDACTED_GPU_UUID>, 60, 13 %, 1566 MiB, 24576 MiB, 68.22 W
2026/09/26 15:05:55.040, NVIDIA GeForce RTX 3090, <REDACTED_GPU_UUID>, 60, 22 %, 1566 MiB, 24576 MiB, 43.60 W
2026/09/26 15:05:56.041, NVIDIA GeForce RTX 3090, <REDACTED_GPU_UUID>, 60, 24 %, 1564 MiB, 24576 MiB, 42.84 W
2026/09/26 15:05:57.041, NVIDIA GeForce RTX 3090, <REDACTED_GPU_UUID>, 60, 27 %, 1563 MiB, 24576 MiB, 42.91 W
2026/09/26 15:05:58.041, NVIDIA GeForce RTX 3090, <REDACTED_GPU_UUID>, 59, 28 %, 1562 MiB, 24576 MiB, 42.72 W
2026/09/26 15:05:59.041, NVIDIA GeForce RTX 3090, <REDACTED_GPU_UUID>, 60, 25 %, 1565 MiB, 24576 MiB, 42.13 W
2026/09/26 15:06:00.041, NVIDIA GeForce RTX 3090, <REDACTED_GPU_UUID>, 59, 22 %, 1564 MiB, 24576 MiB, 41.99 W
2026/09/26 15:06:01.041, NVIDIA GeForce RTX 3090, <REDACTED_GPU_UUID>, 59, 24 %, 1486 MiB, 24576 MiB, 42.52 W
2026/09/26 15:06:02.041, NVIDIA GeForce RTX 3090, <REDACTED_GPU_UUID>, 59, 24 %, 1486 MiB, 24576 MiB, 42.25 W
2026/09/26 15:06:03.042, NVIDIA GeForce RTX 3090, <REDACTED_GPU_UUID>, 59, 26 %, 1493 MiB, 24576 MiB, 43.85 W
2026/09/26 15:06:04.042, NVIDIA GeForce RTX 3090, <REDACTED_GPU_UUID>, 59, 41 %, 1492 MiB, 24576 MiB, 42.91 W
2026/09/26 15:06:05.042, NVIDIA GeForce RTX 3090, <REDACTED_GPU_UUID>, 60, 49 %, 1525 MiB, 24576 MiB, 44.35 W
2026/09/26 15:06:06.042, NVIDIA GeForce RTX 3090, <REDACTED_GPU_UUID>, 59, 25 %, 1565 MiB, 24576 MiB, 46.53 W
2026/09/26 15:06:07.042, NVIDIA GeForce RTX 3090, <REDACTED_GPU_UUID>, 59, 24 %, 1546 MiB, 24576 MiB, 43.10 W
2026/09/26 15:06:08.042, NVIDIA GeForce RTX 3090, <REDACTED_GPU_UUID>, 59, 28 %, 1537 MiB, 24576 MiB, 44.87 W
2026/09/26 15:06:09.042, NVIDIA GeForce RTX 3090, <REDACTED_GPU_UUID>, 59, 25 %, 1525 MiB, 24576 MiB, 43.64 W
2026/09/26 15:06:10.043, NVIDIA GeForce RTX 3090, <REDACTED_GPU_UUID>, 59, 27 %, 1525 MiB, 24576 MiB, 43.32 W
2026/09/26 15:06:11.043, NVIDIA GeForce RTX 3090, <REDACTED_GPU_UUID>, 59, 24 %, 1523 MiB, 24576 MiB, 42.82 W
2026/09/26 15:06:12.043, NVIDIA GeForce RTX 3090, <REDACTED_GPU_UUID>, 59, 23 %, 1545 MiB, 24576 MiB, 44.83 W
2026/09/26 15:06:13.043, NVIDIA GeForce RTX 3090, <REDACTED_GPU_UUID>, 59, 22 %, 1534 MiB, 24576 MiB, 42.29 W
2026/09/26 15:06:14.043, NVIDIA GeForce RTX 3090, <REDACTED_GPU_UUID>, 59, 26 %, 1518 MiB, 24576 MiB, 42.88 W
2026/09/26 15:06:15.043, NVIDIA GeForce RTX 3090, <REDACTED_GPU_UUID>, 59, 27 %, 1524 MiB, 24576 MiB, 42.92 W
2026/09/26 15:06:16.043, NVIDIA GeForce RTX 3090, <REDACTED_GPU_UUID>, 59, 26 %, 1464 MiB, 24576 MiB, 42.88 W
2026/09/26 15:06:17.044, NVIDIA GeForce RTX 3090, <REDACTED_GPU_UUID>, 59, 25 %, 1500 MiB, 24576 MiB, 43.10 W
2026/09/26 15:06:18.044, NVIDIA GeForce RTX 3090, <REDACTED_GPU_UUID>, 59, 28 %, 1484 MiB, 24576 MiB, 42.63 W
2026/09/26 15:06:19.044, NVIDIA GeForce RTX 3090, <REDACTED_GPU_UUID>, 59, 26 %, 1477 MiB, 24576 MiB, 42.44 W
2026/09/26 15:06:20.044, NVIDIA GeForce RTX 3090, <REDACTED_GPU_UUID>, 59, 26 %, 1477 MiB, 24576 MiB, 42.83 W
2026/09/26 15:06:21.044, NVIDIA GeForce RTX 3090, <REDACTED_GPU_UUID>, 59, 28 %, 1478 MiB, 24576 MiB, 42.47 W
2026/09/26 15:06:22.044, NVIDIA GeForce RTX 3090, <REDACTED_GPU_UUID>, 59, 30 %, 1488 MiB, 24576 MiB, 43.08 W
2026/09/26 15:06:23.044, NVIDIA GeForce RTX 3090, <REDACTED_GPU_UUID>, 60, 56 %, 1507 MiB, 24576 MiB, 43.08 W
2026/09/26 15:06:24.045, NVIDIA GeForce RTX 3090, <REDACTED_GPU_UUID>, 59, 38 %, 1506 MiB, 24576 MiB, 47.40 W
2026/09/26 15:06:25.045, NVIDIA GeForce RTX 3090, <REDACTED_GPU_UUID>, 59, 36 %, 1499 MiB, 24576 MiB, 46.96 W
2026/09/26 15:06:26.045, NVIDIA GeForce RTX 3090, <REDACTED_GPU_UUID>, 60, 35 %, 1502 MiB, 24576 MiB, 46.55 W
2026/09/26 15:06:27.045, NVIDIA GeForce RTX 3090, <REDACTED_GPU_UUID>, 59, 38 %, 1502 MiB, 24576 MiB, 46.74 W
2026/09/26 15:06:28.045, NVIDIA GeForce RTX 3090, <REDACTED_GPU_UUID>, 60, 28 %, 1501 MiB, 24576 MiB, 47.59 W
2026/09/26 15:06:29.045, NVIDIA GeForce RTX 3090, <REDACTED_GPU_UUID>, 60, 25 %, 1505 MiB, 24576 MiB, 48.77 W
2026/09/26 15:06:30.046, NVIDIA GeForce RTX 3090, <REDACTED_GPU_UUID>, 60, 29 %, 1701 MiB, 24576 MiB, 49.77 W
2026/09/26 15:06:31.046, NVIDIA GeForce RTX 3090, <REDACTED_GPU_UUID>, 60, 34 %, 1714 MiB, 24576 MiB, 50.06 W
2026/09/26 15:06:32.046, NVIDIA GeForce RTX 3090, <REDACTED_GPU_UUID>, 60, 35 %, 1711 MiB, 24576 MiB, 50.21 W
2026/09/26 15:06:33.046, NVIDIA GeForce RTX 3090, <REDACTED_GPU_UUID>, 60, 33 %, 1668 MiB, 24576 MiB, 50.40 W
2026/09/26 15:06:34.046, NVIDIA GeForce RTX 3090, <REDACTED_GPU_UUID>, 60, 31 %, 1656 MiB, 24576 MiB, 50.04 W
2026/09/26 15:06:35.046, NVIDIA GeForce RTX 3090, <REDACTED_GPU_UUID>, 60, 34 %, 1633 MiB, 24576 MiB, 49.56 W
2026/09/26 15:06:36.046, NVIDIA GeForce RTX 3090, <REDACTED_GPU_UUID>, 60, 12 %, 1632 MiB, 24576 MiB, 47.22 W
2026/09/26 15:06:37.046, NVIDIA GeForce RTX 3090, <REDACTED_GPU_UUID>, 59, 22 %, 1622 MiB, 24576 MiB, 42.58 W
2026/09/26 15:06:38.047, NVIDIA GeForce RTX 3090, <REDACTED_GPU_UUID>, 59, 24 %, 1619 MiB, 24576 MiB, 43.12 W
2026/09/26 15:06:39.047, NVIDIA GeForce RTX 3090, <REDACTED_GPU_UUID>, 59, 27 %, 1618 MiB, 24576 MiB, 43.28 W
2026/09/26 15:06:40.047, NVIDIA GeForce RTX 3090, <REDACTED_GPU_UUID>, 59, 27 %, 1616 MiB, 24576 MiB, 43.45 W
2026/09/26 15:06:41.047, NVIDIA GeForce RTX 3090, <REDACTED_GPU_UUID>, 59, 27 %, 1601 MiB, 24576 MiB, 43.26 W
2026/09/26 15:06:42.047, NVIDIA GeForce RTX 3090, <REDACTED_GPU_UUID>, 59, 25 %, 1601 MiB, 24576 MiB, 42.79 W
2026/09/26 15:06:43.047, NVIDIA GeForce RTX 3090, <REDACTED_GPU_UUID>, 59, 24 %, 1600 MiB, 24576 MiB, 42.49 W
2026/09/26 15:06:44.047, NVIDIA GeForce RTX 3090, <REDACTED_GPU_UUID>, 59, 25 %, 1600 MiB, 24576 MiB, 42.20 W
2026/09/26 15:06:45.048, NVIDIA GeForce RTX 3090, <REDACTED_GPU_UUID>, 59, 25 %, 1600 MiB, 24576 MiB, 42.28 W
2026/09/26 15:06:46.048, NVIDIA GeForce RTX 3090, <REDACTED_GPU_UUID>, 59, 27 %, 1600 MiB, 24576 MiB, 42.81 W
2026/09/26 15:06:47.048, NVIDIA GeForce RTX 3090, <REDACTED_GPU_UUID>, 59, 27 %, 1601 MiB, 24576 MiB, 42.78 W
2026/09/26 15:06:48.048, NVIDIA GeForce RTX 3090, <REDACTED_GPU_UUID>, 59, 25 %, 1601 MiB, 24576 MiB, 42.42 W
2026/09/26 15:06:49.048, NVIDIA GeForce RTX 3090, <REDACTED_GPU_UUID>, 59, 25 %, 1601 MiB, 24576 MiB, 42.63 W
2026/09/26 15:06:50.048, NVIDIA GeForce RTX 3090, <REDACTED_GPU_UUID>, 59, 24 %, 1590 MiB, 24576 MiB, 42.46 W
2026/09/26 15:06:51.049, NVIDIA GeForce RTX 3090, <REDACTED_GPU_UUID>, 60, 34 %, 1607 MiB, 24576 MiB, 45.04 W
2026/09/26 15:06:52.049, NVIDIA GeForce RTX 3090, <REDACTED_GPU_UUID>, 59, 27 %, 1607 MiB, 24576 MiB, 44.05 W
2026/09/26 15:06:53.049, NVIDIA GeForce RTX 3090, <REDACTED_GPU_UUID>, 60, 25 %, 1608 MiB, 24576 MiB, 44.38 W
2026/09/26 15:06:54.049, NVIDIA GeForce RTX 3090, <REDACTED_GPU_UUID>, 59, 35 %, 1593 MiB, 24576 MiB, 44.39 W
2026/09/26 15:06:55.049, NVIDIA GeForce RTX 3090, <REDACTED_GPU_UUID>, 60, 20 %, 1602 MiB, 24576 MiB, 47.26 W
2026/09/26 15:06:56.049, NVIDIA GeForce RTX 3090, <REDACTED_GPU_UUID>, 60, 17 %, 1611 MiB, 24576 MiB, 46.89 W
2026/09/26 15:06:57.049, NVIDIA GeForce RTX 3090, <REDACTED_GPU_UUID>, 59, 26 %, 1604 MiB, 24576 MiB, 44.76 W
2026/09/26 15:06:58.049, NVIDIA GeForce RTX 3090, <REDACTED_GPU_UUID>, 60, 25 %, 1625 MiB, 24576 MiB, 46.80 W
2026/09/26 15:06:59.050, NVIDIA GeForce RTX 3090, <REDACTED_GPU_UUID>, 59, 24 %, 1674 MiB, 24576 MiB, 47.03 W
2026/09/26 15:07:00.050, NVIDIA GeForce RTX 3090, <REDACTED_GPU_UUID>, 59, 16 %, 1693 MiB, 24576 MiB, 47.31 W
2026/09/26 15:07:01.050, NVIDIA GeForce RTX 3090, <REDACTED_GPU_UUID>, 60, 12 %, 1693 MiB, 24576 MiB, 45.37 W
2026/09/26 15:07:02.050, NVIDIA GeForce RTX 3090, <REDACTED_GPU_UUID>, 59, 13 %, 1657 MiB, 24576 MiB, 42.13 W
2026/09/26 15:07:03.050, NVIDIA GeForce RTX 3090, <REDACTED_GPU_UUID>, 59, 24 %, 1643 MiB, 24576 MiB, 42.26 W
2026/09/26 15:07:04.051, NVIDIA GeForce RTX 3090, <REDACTED_GPU_UUID>, 59, 28 %, 1646 MiB, 24576 MiB, 42.42 W
2026/09/26 15:07:05.051, NVIDIA GeForce RTX 3090, <REDACTED_GPU_UUID>, 59, 27 %, 1615 MiB, 24576 MiB, 42.92 W
2026/09/26 15:07:06.051, NVIDIA GeForce RTX 3090, <REDACTED_GPU_UUID>, 59, 25 %, 1599 MiB, 24576 MiB, 42.53 W
2026/09/26 15:07:07.051, NVIDIA GeForce RTX 3090, <REDACTED_GPU_UUID>, 59, 24 %, 1590 MiB, 24576 MiB, 43.38 W
2026/09/26 15:07:08.051, NVIDIA GeForce RTX 3090, <REDACTED_GPU_UUID>, 59, 24 %, 1585 MiB, 24576 MiB, 41.59 W
2026/09/26 15:07:09.051, NVIDIA GeForce RTX 3090, <REDACTED_GPU_UUID>, 59, 24 %, 1585 MiB, 24576 MiB, 42.17 W
2026/09/26 15:07:10.052, NVIDIA GeForce RTX 3090, <REDACTED_GPU_UUID>, 59, 31 %, 1590 MiB, 24576 MiB, 42.20 W
2026/09/26 15:07:11.052, NVIDIA GeForce RTX 3090, <REDACTED_GPU_UUID>, 59, 27 %, 1517 MiB, 24576 MiB, 42.83 W
2026/09/26 15:07:12.052, NVIDIA GeForce RTX 3090, <REDACTED_GPU_UUID>, 59, 25 %, 1518 MiB, 24576 MiB, 42.44 W
2026/09/26 15:07:13.052, NVIDIA GeForce RTX 3090, <REDACTED_GPU_UUID>, 59, 25 %, 1517 MiB, 24576 MiB, 42.16 W
2026/09/26 15:07:14.052, NVIDIA GeForce RTX 3090, <REDACTED_GPU_UUID>, 59, 26 %, 1513 MiB, 24576 MiB, 41.79 W
2026/09/26 15:07:15.052, NVIDIA GeForce RTX 3090, <REDACTED_GPU_UUID>, 59, 25 %, 1566 MiB, 24576 MiB, 43.06 W
2026/09/26 15:07:16.053, NVIDIA GeForce RTX 3090, <REDACTED_GPU_UUID>, 60, 41 %, 1590 MiB, 24576 MiB, 45.64 W
2026/09/26 15:07:17.053, NVIDIA GeForce RTX 3090, <REDACTED_GPU_UUID>, 61, 3 %, 1607 MiB, 24576 MiB, 102.32 W
2026/09/26 15:07:18.053, NVIDIA GeForce RTX 3090, <REDACTED_GPU_UUID>, 62, 3 %, 1601 MiB, 24576 MiB, 133.76 W
2026/09/26 15:07:19.053, NVIDIA GeForce RTX 3090, <REDACTED_GPU_UUID>, 61, 8 %, 1601 MiB, 24576 MiB, 97.98 W
2026/09/26 15:07:20.053, NVIDIA GeForce RTX 3090, <REDACTED_GPU_UUID>, 60, 42 %, 1630 MiB, 24576 MiB, 69.46 W
2026/09/26 15:07:21.053, NVIDIA GeForce RTX 3090, <REDACTED_GPU_UUID>, 60, 33 %, 1622 MiB, 24576 MiB, 47.76 W
2026/09/26 15:07:22.053, NVIDIA GeForce RTX 3090, <REDACTED_GPU_UUID>, 60, 33 %, 1629 MiB, 24576 MiB, 45.60 W
2026/09/26 15:07:23.054, NVIDIA GeForce RTX 3090, <REDACTED_GPU_UUID>, 60, 19 %, 1580 MiB, 24576 MiB, 43.85 W
2026/09/26 15:07:24.054, NVIDIA GeForce RTX 3090, <REDACTED_GPU_UUID>, 62, 3 %, 1643 MiB, 24576 MiB, 68.95 W
2026/09/26 15:07:25.054, NVIDIA GeForce RTX 3090, <REDACTED_GPU_UUID>, 62, 6 %, 1647 MiB, 24576 MiB, 133.48 W
2026/09/26 15:07:26.054, NVIDIA GeForce RTX 3090, <REDACTED_GPU_UUID>, 61, 12 %, 1626 MiB, 24576 MiB, 99.48 W
2026/09/26 15:07:27.054, NVIDIA GeForce RTX 3090, <REDACTED_GPU_UUID>, 61, 43 %, 1652 MiB, 24576 MiB, 52.95 W
2026/09/26 15:07:28.055, NVIDIA GeForce RTX 3090, <REDACTED_GPU_UUID>, 60, 39 %, 1666 MiB, 24576 MiB, 48.75 W
2026/09/26 15:07:29.055, NVIDIA GeForce RTX 3090, <REDACTED_GPU_UUID>, 60, 27 %, 1646 MiB, 24576 MiB, 48.22 W
2026/09/26 15:07:30.055, NVIDIA GeForce RTX 3090, <REDACTED_GPU_UUID>, 60, 13 %, 1651 MiB, 24576 MiB, 48.75 W
2026/09/26 15:07:31.055, NVIDIA GeForce RTX 3090, <REDACTED_GPU_UUID>, 60, 40 %, 1670 MiB, 24576 MiB, 46.84 W
2026/09/26 15:07:32.055, NVIDIA GeForce RTX 3090, <REDACTED_GPU_UUID>, 60, 34 %, 1662 MiB, 24576 MiB, 47.55 W
2026/09/26 15:07:33.056, NVIDIA GeForce RTX 3090, <REDACTED_GPU_UUID>, 60, 14 %, 1648 MiB, 24576 MiB, 46.92 W
2026/09/26 15:07:34.056, NVIDIA GeForce RTX 3090, <REDACTED_GPU_UUID>, 60, 13 %, 1650 MiB, 24576 MiB, 42.72 W
2026/09/26 15:07:35.056, NVIDIA GeForce RTX 3090, <REDACTED_GPU_UUID>, 60, 49 %, 1647 MiB, 24576 MiB, 44.40 W
2026/09/26 15:07:36.056, NVIDIA GeForce RTX 3090, <REDACTED_GPU_UUID>, 60, 37 %, 1631 MiB, 24576 MiB, 46.16 W
2026/09/26 15:07:37.057, NVIDIA GeForce RTX 3090, <REDACTED_GPU_UUID>, 60, 31 %, 1626 MiB, 24576 MiB, 44.93 W
2026/09/26 15:07:38.057, NVIDIA GeForce RTX 3090, <REDACTED_GPU_UUID>, 60, 52 %, 1642 MiB, 24576 MiB, 44.39 W
2026/09/26 15:07:39.057, NVIDIA GeForce RTX 3090, <REDACTED_GPU_UUID>, 60, 23 %, 1648 MiB, 24576 MiB, 45.87 W
2026/09/26 15:07:40.057, NVIDIA GeForce RTX 3090, <REDACTED_GPU_UUID>, 60, 30 %, 1663 MiB, 24576 MiB, 48.20 W
2026/09/26 15:07:41.057, NVIDIA GeForce RTX 3090, <REDACTED_GPU_UUID>, 60, 39 %, 1694 MiB, 24576 MiB, 49.14 W
2026/09/26 15:07:42.057, NVIDIA GeForce RTX 3090, <REDACTED_GPU_UUID>, 60, 22 %, 1680 MiB, 24576 MiB, 47.33 W
2026/09/26 15:07:43.058, NVIDIA GeForce RTX 3090, <REDACTED_GPU_UUID>, 60, 37 %, 1678 MiB, 24576 MiB, 47.26 W
2026/09/26 15:07:44.058, NVIDIA GeForce RTX 3090, <REDACTED_GPU_UUID>, 60, 33 %, 1624 MiB, 24576 MiB, 48.14 W
2026/09/26 15:07:45.058, NVIDIA GeForce RTX 3090, <REDACTED_GPU_UUID>, 60, 29 %, 1638 MiB, 24576 MiB, 46.14 W
2026/09/26 15:07:46.058, NVIDIA GeForce RTX 3090, <REDACTED_GPU_UUID>, 60, 36 %, 1629 MiB, 24576 MiB, 44.11 W
2026/09/26 15:07:47.059, NVIDIA GeForce RTX 3090, <REDACTED_GPU_UUID>, 60, 25 %, 1635 MiB, 24576 MiB, 43.99 W
2026/09/26 15:07:48.059, NVIDIA GeForce RTX 3090, <REDACTED_GPU_UUID>, 60, 27 %, 1627 MiB, 24576 MiB, 43.40 W
2026/09/26 15:07:49.059, NVIDIA GeForce RTX 3090, <REDACTED_GPU_UUID>, 60, 18 %, 1585 MiB, 24576 MiB, 42.96 W
2026/09/26 15:07:50.059, NVIDIA GeForce RTX 3090, <REDACTED_GPU_UUID>, 60, 33 %, 1579 MiB, 24576 MiB, 42.75 W
2026/09/26 15:07:51.059, NVIDIA GeForce RTX 3090, <REDACTED_GPU_UUID>, 60, 32 %, 1574 MiB, 24576 MiB, 42.85 W
2026/09/26 15:07:52.059, NVIDIA GeForce RTX 3090, <REDACTED_GPU_UUID>, 60, 25 %, 1576 MiB, 24576 MiB, 43.02 W
2026/09/26 15:07:53.060, NVIDIA GeForce RTX 3090, <REDACTED_GPU_UUID>, 60, 27 %, 1576 MiB, 24576 MiB, 42.77 W
2026/09/26 15:07:54.060, NVIDIA GeForce RTX 3090, <REDACTED_GPU_UUID>, 60, 27 %, 1575 MiB, 24576 MiB, 43.08 W
2026/09/26 15:07:55.060, NVIDIA GeForce RTX 3090, <REDACTED_GPU_UUID>, 60, 23 %, 1576 MiB, 24576 MiB, 42.92 W
2026/09/26 15:07:56.060, NVIDIA GeForce RTX 3090, <REDACTED_GPU_UUID>, 60, 25 %, 1576 MiB, 24576 MiB, 42.46 W
2026/09/26 15:07:57.060, NVIDIA GeForce RTX 3090, <REDACTED_GPU_UUID>, 60, 20 %, 1571 MiB, 24576 MiB, 42.39 W
2026/09/26 15:07:58.060, NVIDIA GeForce RTX 3090, <REDACTED_GPU_UUID>, 60, 26 %, 1576 MiB, 24576 MiB, 42.69 W
2026/09/26 15:07:59.060, NVIDIA GeForce RTX 3090, <REDACTED_GPU_UUID>, 60, 29 %, 1575 MiB, 24576 MiB, 43.24 W
2026/09/26 15:08:00.061, NVIDIA GeForce RTX 3090, <REDACTED_GPU_UUID>, 60, 28 %, 1575 MiB, 24576 MiB, 43.31 W
2026/09/26 15:08:01.061, NVIDIA GeForce RTX 3090, <REDACTED_GPU_UUID>, 60, 28 %, 1640 MiB, 24576 MiB, 42.81 W
2026/09/26 15:08:02.061, NVIDIA GeForce RTX 3090, <REDACTED_GPU_UUID>, 60, 30 %, 1652 MiB, 24576 MiB, 48.61 W
2026/09/26 15:08:03.061, NVIDIA GeForce RTX 3090, <REDACTED_GPU_UUID>, 60, 25 %, 1782 MiB, 24576 MiB, 47.98 W
2026/09/26 15:08:04.061, NVIDIA GeForce RTX 3090, <REDACTED_GPU_UUID>, 60, 26 %, 1761 MiB, 24576 MiB, 48.92 W
2026/09/26 15:08:05.061, NVIDIA GeForce RTX 3090, <REDACTED_GPU_UUID>, 60, 23 %, 1715 MiB, 24576 MiB, 49.23 W
2026/09/26 15:08:06.062, NVIDIA GeForce RTX 3090, <REDACTED_GPU_UUID>, 60, 26 %, 1680 MiB, 24576 MiB, 47.75 W
2026/09/26 15:08:07.062, NVIDIA GeForce RTX 3090, <REDACTED_GPU_UUID>, 60, 27 %, 1679 MiB, 24576 MiB, 47.32 W
2026/09/26 15:08:08.062, NVIDIA GeForce RTX 3090, <REDACTED_GPU_UUID>, 60, 28 %, 1686 MiB, 24576 MiB, 47.68 W
2026/09/26 15:08:09.062, NVIDIA GeForce RTX 3090, <REDACTED_GPU_UUID>, 60, 21 %, 1693 MiB, 24576 MiB, 50.37 W
2026/09/26 15:08:10.062, NVIDIA GeForce RTX 3090, <REDACTED_GPU_UUID>, 60, 24 %, 1668 MiB, 24576 MiB, 46.62 W
2026/09/26 15:08:11.062, NVIDIA GeForce RTX 3090, <REDACTED_GPU_UUID>, 60, 36 %, 1668 MiB, 24576 MiB, 48.96 W
2026/09/26 15:08:12.062, NVIDIA GeForce RTX 3090, <REDACTED_GPU_UUID>, 60, 27 %, 1665 MiB, 24576 MiB, 47.73 W
2026/09/26 15:08:13.063, NVIDIA GeForce RTX 3090, <REDACTED_GPU_UUID>, 60, 26 %, 1665 MiB, 24576 MiB, 46.72 W
2026/09/26 15:08:14.063, NVIDIA GeForce RTX 3090, <REDACTED_GPU_UUID>, 60, 23 %, 1649 MiB, 24576 MiB, 43.48 W
2026/09/26 15:08:15.064, NVIDIA GeForce RTX 3090, <REDACTED_GPU_UUID>, 60, 30 %, 1707 MiB, 24576 MiB, 44.18 W
2026/09/26 15:08:16.064, NVIDIA GeForce RTX 3090, <REDACTED_GPU_UUID>, 60, 23 %, 1686 MiB, 24576 MiB, 44.43 W
2026/09/26 15:08:17.064, NVIDIA GeForce RTX 3090, <REDACTED_GPU_UUID>, 60, 34 %, 1684 MiB, 24576 MiB, 47.35 W
2026/09/26 15:08:18.064, NVIDIA GeForce RTX 3090, <REDACTED_GPU_UUID>, 60, 14 %, 1658 MiB, 24576 MiB, 45.18 W
2026/09/26 15:08:19.064, NVIDIA GeForce RTX 3090, <REDACTED_GPU_UUID>, 60, 26 %, 1645 MiB, 24576 MiB, 43.43 W
2026/09/26 15:08:20.064, NVIDIA GeForce RTX 3090, <REDACTED_GPU_UUID>, 60, 26 %, 1609 MiB, 24576 MiB, 42.82 W
2026/09/26 15:08:21.065, NVIDIA GeForce RTX 3090, <REDACTED_GPU_UUID>, 60, 28 %, 1609 MiB, 24576 MiB, 42.80 W
2026/09/26 15:08:22.065, NVIDIA GeForce RTX 3090, <REDACTED_GPU_UUID>, 60, 33 %, 1615 MiB, 24576 MiB, 42.90 W
2026/09/26 15:08:23.065, NVIDIA GeForce RTX 3090, <REDACTED_GPU_UUID>, 60, 29 %, 1619 MiB, 24576 MiB, 43.18 W
2026/09/26 15:08:24.065, NVIDIA GeForce RTX 3090, <REDACTED_GPU_UUID>, 60, 27 %, 1614 MiB, 24576 MiB, 43.23 W
2026/09/26 15:08:25.065, NVIDIA GeForce RTX 3090, <REDACTED_GPU_UUID>, 60, 24 %, 1619 MiB, 24576 MiB, 43.51 W
2026/09/26 15:08:26.065, NVIDIA GeForce RTX 3090, <REDACTED_GPU_UUID>, 60, 30 %, 1621 MiB, 24576 MiB, 42.26 W
2026/09/26 15:08:27.066, NVIDIA GeForce RTX 3090, <REDACTED_GPU_UUID>, 60, 30 %, 1514 MiB, 24576 MiB, 42.55 W
2026/09/26 15:08:28.066, NVIDIA GeForce RTX 3090, <REDACTED_GPU_UUID>, 60, 24 %, 1511 MiB, 24576 MiB, 42.53 W
2026/09/26 15:08:29.066, NVIDIA GeForce RTX 3090, <REDACTED_GPU_UUID>, 60, 27 %, 1516 MiB, 24576 MiB, 42.42 W
2026/09/26 15:08:30.066, NVIDIA GeForce RTX 3090, <REDACTED_GPU_UUID>, 60, 27 %, 1539 MiB, 24576 MiB, 42.42 W
2026/09/26 15:08:31.066, NVIDIA GeForce RTX 3090, <REDACTED_GPU_UUID>, 60, 33 %, 1558 MiB, 24576 MiB, 43.73 W
2026/09/26 15:08:32.066, NVIDIA GeForce RTX 3090, <REDACTED_GPU_UUID>, 60, 43 %, 1559 MiB, 24576 MiB, 43.41 W
2026/09/26 15:08:33.066, NVIDIA GeForce RTX 3090, <REDACTED_GPU_UUID>, 60, 21 %, 1584 MiB, 24576 MiB, 43.96 W
2026/09/26 15:08:34.067, NVIDIA GeForce RTX 3090, <REDACTED_GPU_UUID>, 60, 48 %, 1599 MiB, 24576 MiB, 43.66 W
2026/09/26 15:08:35.067, NVIDIA GeForce RTX 3090, <REDACTED_GPU_UUID>, 60, 40 %, 1586 MiB, 24576 MiB, 46.35 W
2026/09/26 15:08:36.067, NVIDIA GeForce RTX 3090, <REDACTED_GPU_UUID>, 60, 38 %, 1584 MiB, 24576 MiB, 46.65 W
2026/09/26 15:08:37.067, NVIDIA GeForce RTX 3090, <REDACTED_GPU_UUID>, 60, 39 %, 1576 MiB, 24576 MiB, 47.08 W
2026/09/26 15:08:38.067, NVIDIA GeForce RTX 3090, <REDACTED_GPU_UUID>, 60, 41 %, 1573 MiB, 24576 MiB, 47.08 W
2026/09/26 15:08:39.067, NVIDIA GeForce RTX 3090, <REDACTED_GPU_UUID>, 60, 49 %, 1584 MiB, 24576 MiB, 47.44 W
2026/09/26 15:08:40.067, NVIDIA GeForce RTX 3090, <REDACTED_GPU_UUID>, 60, 28 %, 1579 MiB, 24576 MiB, 49.04 W
2026/09/26 15:08:41.068, NVIDIA GeForce RTX 3090, <REDACTED_GPU_UUID>, 60, 28 %, 1587 MiB, 24576 MiB, 49.54 W
2026/09/26 15:08:42.068, NVIDIA GeForce RTX 3090, <REDACTED_GPU_UUID>, 60, 44 %, 1568 MiB, 24576 MiB, 48.76 W
2026/09/26 15:08:43.068, NVIDIA GeForce RTX 3090, <REDACTED_GPU_UUID>, 60, 17 %, 1570 MiB, 24576 MiB, 46.54 W
2026/09/26 15:08:44.068, NVIDIA GeForce RTX 3090, <REDACTED_GPU_UUID>, 60, 15 %, 1570 MiB, 24576 MiB, 42.98 W
2026/09/26 15:08:45.068, NVIDIA GeForce RTX 3090, <REDACTED_GPU_UUID>, 60, 22 %, 1566 MiB, 24576 MiB, 44.53 W
2026/09/26 15:08:46.068, NVIDIA GeForce RTX 3090, <REDACTED_GPU_UUID>, 60, 23 %, 1564 MiB, 24576 MiB, 43.25 W
2026/09/26 15:08:47.068, NVIDIA GeForce RTX 3090, <REDACTED_GPU_UUID>, 60, 29 %, 1558 MiB, 24576 MiB, 42.29 W
2026/09/26 15:08:48.069, NVIDIA GeForce RTX 3090, <REDACTED_GPU_UUID>, 60, 34 %, 1571 MiB, 24576 MiB, 43.65 W
2026/09/26 15:08:49.069, NVIDIA GeForce RTX 3090, <REDACTED_GPU_UUID>, 60, 27 %, 1575 MiB, 24576 MiB, 43.81 W
2026/09/26 15:08:50.069, NVIDIA GeForce RTX 3090, <REDACTED_GPU_UUID>, 60, 25 %, 1577 MiB, 24576 MiB, 43.89 W
2026/09/26 15:08:51.069, NVIDIA GeForce RTX 3090, <REDACTED_GPU_UUID>, 60, 46 %, 1568 MiB, 24576 MiB, 44.76 W
2026/09/26 15:08:52.069, NVIDIA GeForce RTX 3090, <REDACTED_GPU_UUID>, 60, 38 %, 1570 MiB, 24576 MiB, 46.38 W
2026/09/26 15:08:53.069, NVIDIA GeForce RTX 3090, <REDACTED_GPU_UUID>, 60, 45 %, 1589 MiB, 24576 MiB, 44.19 W
2026/09/26 15:08:54.069, NVIDIA GeForce RTX 3090, <REDACTED_GPU_UUID>, 60, 29 %, 1576 MiB, 24576 MiB, 45.18 W
2026/09/26 15:08:55.069, NVIDIA GeForce RTX 3090, <REDACTED_GPU_UUID>, 60, 30 %, 1562 MiB, 24576 MiB, 44.44 W
2026/09/26 15:08:56.070, NVIDIA GeForce RTX 3090, <REDACTED_GPU_UUID>, 60, 58 %, 1577 MiB, 24576 MiB, 46.30 W
2026/09/26 15:08:57.070, NVIDIA GeForce RTX 3090, <REDACTED_GPU_UUID>, 60, 40 %, 1540 MiB, 24576 MiB, 46.70 W
2026/09/26 15:08:58.070, NVIDIA GeForce RTX 3090, <REDACTED_GPU_UUID>, 60, 32 %, 1527 MiB, 24576 MiB, 44.99 W
2026/09/26 15:08:59.070, NVIDIA GeForce RTX 3090, <REDACTED_GPU_UUID>, 60, 51 %, 1514 MiB, 24576 MiB, 45.77 W
2026/09/26 15:09:00.070, NVIDIA GeForce RTX 3090, <REDACTED_GPU_UUID>, 60, 31 %, 1518 MiB, 24576 MiB, 44.98 W
2026/09/26 15:09:01.070, NVIDIA GeForce RTX 3090, <REDACTED_GPU_UUID>, 60, 38 %, 1526 MiB, 24576 MiB, 46.24 W
2026/09/26 15:09:02.070, NVIDIA GeForce RTX 3090, <REDACTED_GPU_UUID>, 60, 21 %, 1517 MiB, 24576 MiB, 43.28 W
2026/09/26 15:09:03.071, NVIDIA GeForce RTX 3090, <REDACTED_GPU_UUID>, 60, 20 %, 1552 MiB, 24576 MiB, 43.24 W
2026/09/26 15:09:04.071, NVIDIA GeForce RTX 3090, <REDACTED_GPU_UUID>, 60, 44 %, 1555 MiB, 24576 MiB, 44.26 W
2026/09/26 15:09:05.071, NVIDIA GeForce RTX 3090, <REDACTED_GPU_UUID>, 60, 20 %, 1572 MiB, 24576 MiB, 45.08 W
2026/09/26 15:09:06.071, NVIDIA GeForce RTX 3090, <REDACTED_GPU_UUID>, 60, 24 %, 1573 MiB, 24576 MiB, 42.85 W
2026/09/26 15:09:07.071, NVIDIA GeForce RTX 3090, <REDACTED_GPU_UUID>, 60, 47 %, 1589 MiB, 24576 MiB, 45.98 W
2026/09/26 15:09:08.071, NVIDIA GeForce RTX 3090, <REDACTED_GPU_UUID>, 60, 37 %, 1572 MiB, 24576 MiB, 46.52 W
2026/09/26 15:09:09.071, NVIDIA GeForce RTX 3090, <REDACTED_GPU_UUID>, 60, 43 %, 1568 MiB, 24576 MiB, 46.01 W
2026/09/26 15:09:10.072, NVIDIA GeForce RTX 3090, <REDACTED_GPU_UUID>, 60, 40 %, 1559 MiB, 24576 MiB, 46.28 W
2026/09/26 15:09:11.072, NVIDIA GeForce RTX 3090, <REDACTED_GPU_UUID>, 60, 52 %, 1575 MiB, 24576 MiB, 46.59 W
2026/09/26 15:09:12.072, NVIDIA GeForce RTX 3090, <REDACTED_GPU_UUID>, 60, 31 %, 1553 MiB, 24576 MiB, 48.49 W
2026/09/26 15:09:13.072, NVIDIA GeForce RTX 3090, <REDACTED_GPU_UUID>, 60, 28 %, 1584 MiB, 24576 MiB, 48.82 W
2026/09/26 15:09:14.072, NVIDIA GeForce RTX 3090, <REDACTED_GPU_UUID>, 60, 26 %, 1581 MiB, 24576 MiB, 48.34 W
2026/09/26 15:09:15.072, NVIDIA GeForce RTX 3090, <REDACTED_GPU_UUID>, 60, 12 %, 1584 MiB, 24576 MiB, 45.62 W
2026/09/26 15:09:16.073, NVIDIA GeForce RTX 3090, <REDACTED_GPU_UUID>, 60, 24 %, 1545 MiB, 24576 MiB, 42.63 W
2026/09/26 15:09:17.073, NVIDIA GeForce RTX 3090, <REDACTED_GPU_UUID>, 60, 40 %, 1549 MiB, 24576 MiB, 44.23 W
2026/09/26 15:09:18.073, NVIDIA GeForce RTX 3090, <REDACTED_GPU_UUID>, 60, 27 %, 1543 MiB, 24576 MiB, 43.93 W
2026/09/26 15:09:19.073, NVIDIA GeForce RTX 3090, <REDACTED_GPU_UUID>, 60, 29 %, 1545 MiB, 24576 MiB, 43.29 W
2026/09/26 15:09:20.073, NVIDIA GeForce RTX 3090, <REDACTED_GPU_UUID>, 60, 25 %, 1539 MiB, 24576 MiB, 42.90 W
2026/09/26 15:09:21.073, NVIDIA GeForce RTX 3090, <REDACTED_GPU_UUID>, 60, 26 %, 1535 MiB, 24576 MiB, 42.71 W
2026/09/26 15:09:22.073, NVIDIA GeForce RTX 3090, <REDACTED_GPU_UUID>, 60, 24 %, 1530 MiB, 24576 MiB, 42.68 W
2026/09/26 15:09:23.074, NVIDIA GeForce RTX 3090, <REDACTED_GPU_UUID>, 60, 26 %, 1529 MiB, 24576 MiB, 42.28 W
2026/09/26 15:09:24.074, NVIDIA GeForce RTX 3090, <REDACTED_GPU_UUID>, 60, 27 %, 1534 MiB, 24576 MiB, 42.73 W
2026/09/26 15:09:25.074, NVIDIA GeForce RTX 3090, <REDACTED_GPU_UUID>, 60, 27 %, 1589 MiB, 24576 MiB, 43.33 W
2026/09/26 15:09:26.074, NVIDIA GeForce RTX 3090, <REDACTED_GPU_UUID>, 60, 34 %, 1588 MiB, 24576 MiB, 47.40 W
2026/09/26 15:09:27.074, NVIDIA GeForce RTX 3090, <REDACTED_GPU_UUID>, 60, 36 %, 1541 MiB, 24576 MiB, 46.72 W
2026/09/26 15:09:28.074, NVIDIA GeForce RTX 3090, <REDACTED_GPU_UUID>, 60, 34 %, 1538 MiB, 24576 MiB, 46.90 W
2026/09/26 15:09:29.074, NVIDIA GeForce RTX 3090, <REDACTED_GPU_UUID>, 60, 35 %, 1580 MiB, 24576 MiB, 46.99 W
2026/09/26 15:09:30.075, NVIDIA GeForce RTX 3090, <REDACTED_GPU_UUID>, 60, 28 %, 1589 MiB, 24576 MiB, 48.48 W
2026/09/26 15:09:31.075, NVIDIA GeForce RTX 3090, <REDACTED_GPU_UUID>, 60, 25 %, 1585 MiB, 24576 MiB, 47.90 W
2026/09/26 15:09:32.075, NVIDIA GeForce RTX 3090, <REDACTED_GPU_UUID>, 60, 28 %, 1590 MiB, 24576 MiB, 46.88 W
2026/09/26 15:09:33.075, NVIDIA GeForce RTX 3090, <REDACTED_GPU_UUID>, 60, 24 %, 1590 MiB, 24576 MiB, 43.99 W
2026/09/26 15:09:34.075, NVIDIA GeForce RTX 3090, <REDACTED_GPU_UUID>, 60, 23 %, 1565 MiB, 24576 MiB, 42.81 W
2026/09/26 15:09:35.075, NVIDIA GeForce RTX 3090, <REDACTED_GPU_UUID>, 60, 25 %, 1561 MiB, 24576 MiB, 44.37 W
2026/09/26 15:09:36.075, NVIDIA GeForce RTX 3090, <REDACTED_GPU_UUID>, 60, 27 %, 1561 MiB, 24576 MiB, 43.56 W
2026/09/26 15:09:37.076, NVIDIA GeForce RTX 3090, <REDACTED_GPU_UUID>, 60, 44 %, 1549 MiB, 24576 MiB, 44.35 W
2026/09/26 15:09:38.076, NVIDIA GeForce RTX 3090, <REDACTED_GPU_UUID>, 60, 31 %, 1537 MiB, 24576 MiB, 44.96 W
2026/09/26 15:09:39.076, NVIDIA GeForce RTX 3090, <REDACTED_GPU_UUID>, 60, 38 %, 1535 MiB, 24576 MiB, 43.72 W
2026/09/26 15:09:40.076, NVIDIA GeForce RTX 3090, <REDACTED_GPU_UUID>, 60, 24 %, 1577 MiB, 24576 MiB, 44.79 W
2026/09/26 15:09:41.076, NVIDIA GeForce RTX 3090, <REDACTED_GPU_UUID>, 60, 24 %, 1572 MiB, 24576 MiB, 44.75 W
2026/09/26 15:09:42.076, NVIDIA GeForce RTX 3090, <REDACTED_GPU_UUID>, 60, 26 %, 1571 MiB, 24576 MiB, 42.91 W
2026/09/26 15:09:43.076, NVIDIA GeForce RTX 3090, <REDACTED_GPU_UUID>, 60, 40 %, 1576 MiB, 24576 MiB, 46.00 W
2026/09/26 15:09:44.077, NVIDIA GeForce RTX 3090, <REDACTED_GPU_UUID>, 60, 16 %, 1546 MiB, 24576 MiB, 45.34 W
2026/09/26 15:09:45.077, NVIDIA GeForce RTX 3090, <REDACTED_GPU_UUID>, 60, 23 %, 1546 MiB, 24576 MiB, 43.61 W
2026/09/26 15:09:46.077, NVIDIA GeForce RTX 3090, <REDACTED_GPU_UUID>, 60, 22 %, 1546 MiB, 24576 MiB, 42.41 W
2026/09/26 15:09:47.077, NVIDIA GeForce RTX 3090, <REDACTED_GPU_UUID>, 60, 45 %, 1585 MiB, 24576 MiB, 43.85 W
2026/09/26 15:09:48.077, NVIDIA GeForce RTX 3090, <REDACTED_GPU_UUID>, 60, 36 %, 1625 MiB, 24576 MiB, 45.56 W
2026/09/26 15:09:49.077, NVIDIA GeForce RTX 3090, <REDACTED_GPU_UUID>, 60, 27 %, 1606 MiB, 24576 MiB, 44.03 W
2026/09/26 15:09:50.077, NVIDIA GeForce RTX 3090, <REDACTED_GPU_UUID>, 60, 25 %, 1594 MiB, 24576 MiB, 43.49 W
2026/09/26 15:09:51.077, NVIDIA GeForce RTX 3090, <REDACTED_GPU_UUID>, 60, 26 %, 1588 MiB, 24576 MiB, 43.56 W
2026/09/26 15:09:52.078, NVIDIA GeForce RTX 3090, <REDACTED_GPU_UUID>, 60, 26 %, 1587 MiB, 24576 MiB, 42.81 W
2026/09/26 15:09:53.078, NVIDIA GeForce RTX 3090, <REDACTED_GPU_UUID>, 60, 24 %, 1595 MiB, 24576 MiB, 42.54 W
2026/09/26 15:09:54.078, NVIDIA GeForce RTX 3090, <REDACTED_GPU_UUID>, 60, 32 %, 1607 MiB, 24576 MiB, 46.17 W
2026/09/26 15:09:55.078, NVIDIA GeForce RTX 3090, <REDACTED_GPU_UUID>, 60, 43 %, 1562 MiB, 24576 MiB, 47.01 W
2026/09/26 15:09:56.078, NVIDIA GeForce RTX 3090, <REDACTED_GPU_UUID>, 60, 40 %, 1566 MiB, 24576 MiB, 46.59 W
2026/09/26 15:09:57.078, NVIDIA GeForce RTX 3090, <REDACTED_GPU_UUID>, 60, 31 %, 1570 MiB, 24576 MiB, 48.03 W
2026/09/26 15:09:58.078, NVIDIA GeForce RTX 3090, <REDACTED_GPU_UUID>, 60, 29 %, 1569 MiB, 24576 MiB, 48.85 W
2026/09/26 15:09:59.079, NVIDIA GeForce RTX 3090, <REDACTED_GPU_UUID>, 60, 39 %, 1542 MiB, 24576 MiB, 47.90 W
2026/09/26 15:10:00.079, NVIDIA GeForce RTX 3090, <REDACTED_GPU_UUID>, 60, 31 %, 1560 MiB, 24576 MiB, 45.33 W
2026/09/26 15:10:01.079, NVIDIA GeForce RTX 3090, <REDACTED_GPU_UUID>, 60, 33 %, 1548 MiB, 24576 MiB, 44.06 W
2026/09/26 15:10:02.079, NVIDIA GeForce RTX 3090, <REDACTED_GPU_UUID>, 60, 59 %, 1540 MiB, 24576 MiB, 44.46 W
2026/09/26 15:10:03.079, NVIDIA GeForce RTX 3090, <REDACTED_GPU_UUID>, 60, 23 %, 1531 MiB, 24576 MiB, 42.94 W
2026/09/26 15:10:04.079, NVIDIA GeForce RTX 3090, <REDACTED_GPU_UUID>, 60, 26 %, 1538 MiB, 24576 MiB, 42.57 W
2026/09/26 15:10:05.079, NVIDIA GeForce RTX 3090, <REDACTED_GPU_UUID>, 60, 25 %, 1522 MiB, 24576 MiB, 42.51 W
2026/09/26 15:10:06.080, NVIDIA GeForce RTX 3090, <REDACTED_GPU_UUID>, 60, 61 %, 1526 MiB, 24576 MiB, 43.99 W
2026/09/26 15:10:07.080, NVIDIA GeForce RTX 3090, <REDACTED_GPU_UUID>, 60, 30 %, 1521 MiB, 24576 MiB, 45.19 W
2026/09/26 15:10:08.080, NVIDIA GeForce RTX 3090, <REDACTED_GPU_UUID>, 60, 27 %, 1521 MiB, 24576 MiB, 43.55 W
2026/09/26 15:10:09.080, NVIDIA GeForce RTX 3090, <REDACTED_GPU_UUID>, 60, 28 %, 1560 MiB, 24576 MiB, 44.84 W
2026/09/26 15:10:10.080, NVIDIA GeForce RTX 3090, <REDACTED_GPU_UUID>, 60, 37 %, 1614 MiB, 24576 MiB, 45.40 W
2026/09/26 15:10:11.080, NVIDIA GeForce RTX 3090, <REDACTED_GPU_UUID>, 60, 25 %, 1615 MiB, 24576 MiB, 47.12 W
2026/09/26 15:10:12.080, NVIDIA GeForce RTX 3090, <REDACTED_GPU_UUID>, 60, 40 %, 1602 MiB, 24576 MiB, 48.43 W
2026/09/26 15:10:13.081, NVIDIA GeForce RTX 3090, <REDACTED_GPU_UUID>, 60, 32 %, 1565 MiB, 24576 MiB, 47.64 W
2026/09/26 15:10:14.081, NVIDIA GeForce RTX 3090, <REDACTED_GPU_UUID>, 60, 41 %, 1537 MiB, 24576 MiB, 48.30 W
2026/09/26 15:10:15.081, NVIDIA GeForce RTX 3090, <REDACTED_GPU_UUID>, 60, 31 %, 1542 MiB, 24576 MiB, 47.53 W
2026/09/26 15:10:16.081, NVIDIA GeForce RTX 3090, <REDACTED_GPU_UUID>, 60, 23 %, 1534 MiB, 24576 MiB, 47.43 W
2026/09/26 15:10:17.081, NVIDIA GeForce RTX 3090, <REDACTED_GPU_UUID>, 60, 39 %, 1527 MiB, 24576 MiB, 47.64 W
2026/09/26 15:10:18.081, NVIDIA GeForce RTX 3090, <REDACTED_GPU_UUID>, 60, 38 %, 1516 MiB, 24576 MiB, 46.58 W
2026/09/26 15:10:19.081, NVIDIA GeForce RTX 3090, <REDACTED_GPU_UUID>, 60, 42 %, 1530 MiB, 24576 MiB, 47.03 W
2026/09/26 15:10:20.082, NVIDIA GeForce RTX 3090, <REDACTED_GPU_UUID>, 60, 28 %, 1531 MiB, 24576 MiB, 48.38 W
2026/09/26 15:10:21.082, NVIDIA GeForce RTX 3090, <REDACTED_GPU_UUID>, 60, 28 %, 1531 MiB, 24576 MiB, 48.27 W
2026/09/26 15:10:22.082, NVIDIA GeForce RTX 3090, <REDACTED_GPU_UUID>, 60, 23 %, 1567 MiB, 24576 MiB, 48.86 W
2026/09/26 15:10:23.082, NVIDIA GeForce RTX 3090, <REDACTED_GPU_UUID>, 60, 26 %, 1547 MiB, 24576 MiB, 47.39 W
2026/09/26 15:10:24.082, NVIDIA GeForce RTX 3090, <REDACTED_GPU_UUID>, 60, 41 %, 1529 MiB, 24576 MiB, 47.96 W
2026/09/26 15:10:25.082, NVIDIA GeForce RTX 3090, <REDACTED_GPU_UUID>, 60, 24 %, 1541 MiB, 24576 MiB, 44.37 W
2026/09/26 15:10:26.082, NVIDIA GeForce RTX 3090, <REDACTED_GPU_UUID>, 60, 25 %, 1546 MiB, 24576 MiB, 45.18 W
2026/09/26 15:10:27.082, NVIDIA GeForce RTX 3090, <REDACTED_GPU_UUID>, 60, 14 %, 1535 MiB, 24576 MiB, 43.15 W
2026/09/26 15:10:28.083, NVIDIA GeForce RTX 3090, <REDACTED_GPU_UUID>, 60, 24 %, 1542 MiB, 24576 MiB, 42.76 W
2026/09/26 15:10:29.083, NVIDIA GeForce RTX 3090, <REDACTED_GPU_UUID>, 60, 23 %, 1529 MiB, 24576 MiB, 43.32 W
2026/09/26 15:10:30.083, NVIDIA GeForce RTX 3090, <REDACTED_GPU_UUID>, 60, 24 %, 1523 MiB, 24576 MiB, 42.28 W
2026/09/26 15:10:31.083, NVIDIA GeForce RTX 3090, <REDACTED_GPU_UUID>, 60, 27 %, 1523 MiB, 24576 MiB, 42.38 W
2026/09/26 15:10:32.083, NVIDIA GeForce RTX 3090, <REDACTED_GPU_UUID>, 60, 28 %, 1523 MiB, 24576 MiB, 42.87 W
2026/09/26 15:10:33.083, NVIDIA GeForce RTX 3090, <REDACTED_GPU_UUID>, 60, 24 %, 1523 MiB, 24576 MiB, 42.90 W
2026/09/26 15:10:34.083, NVIDIA GeForce RTX 3090, <REDACTED_GPU_UUID>, 60, 25 %, 1551 MiB, 24576 MiB, 43.78 W
2026/09/26 15:10:35.083, NVIDIA GeForce RTX 3090, <REDACTED_GPU_UUID>, 60, 34 %, 1568 MiB, 24576 MiB, 44.57 W
2026/09/26 15:10:36.084, NVIDIA GeForce RTX 3090, <REDACTED_GPU_UUID>, 60, 39 %, 1569 MiB, 24576 MiB, 45.60 W
2026/09/26 15:10:37.084, NVIDIA GeForce RTX 3090, <REDACTED_GPU_UUID>, 60, 26 %, 1576 MiB, 24576 MiB, 47.36 W
2026/09/26 15:10:38.084, NVIDIA GeForce RTX 3090, <REDACTED_GPU_UUID>, 60, 26 %, 1572 MiB, 24576 MiB, 46.78 W
2026/09/26 15:10:39.084, NVIDIA GeForce RTX 3090, <REDACTED_GPU_UUID>, 60, 41 %, 1566 MiB, 24576 MiB, 47.50 W
2026/09/26 15:10:40.084, NVIDIA GeForce RTX 3090, <REDACTED_GPU_UUID>, 60, 34 %, 1564 MiB, 24576 MiB, 46.64 W
2026/09/26 15:10:41.084, NVIDIA GeForce RTX 3090, <REDACTED_GPU_UUID>, 60, 24 %, 1549 MiB, 24576 MiB, 46.86 W
2026/09/26 15:10:42.084, NVIDIA GeForce RTX 3090, <REDACTED_GPU_UUID>, 60, 22 %, 1535 MiB, 24576 MiB, 46.51 W
2026/09/26 15:10:43.085, NVIDIA GeForce RTX 3090, <REDACTED_GPU_UUID>, 60, 39 %, 1540 MiB, 24576 MiB, 46.72 W
2026/09/26 15:10:44.085, NVIDIA GeForce RTX 3090, <REDACTED_GPU_UUID>, 60, 38 %, 1528 MiB, 24576 MiB, 46.90 W
2026/09/26 15:10:45.085, NVIDIA GeForce RTX 3090, <REDACTED_GPU_UUID>, 60, 32 %, 1526 MiB, 24576 MiB, 46.63 W
2026/09/26 15:10:46.085, NVIDIA GeForce RTX 3090, <REDACTED_GPU_UUID>, 60, 32 %, 1525 MiB, 24576 MiB, 46.01 W
2026/09/26 15:10:47.085, NVIDIA GeForce RTX 3090, <REDACTED_GPU_UUID>, 60, 33 %, 1516 MiB, 24576 MiB, 46.17 W
2026/09/26 15:10:48.085, NVIDIA GeForce RTX 3090, <REDACTED_GPU_UUID>, 60, 50 %, 1524 MiB, 24576 MiB, 46.97 W
2026/09/26 15:10:49.085, NVIDIA GeForce RTX 3090, <REDACTED_GPU_UUID>, 60, 52 %, 1538 MiB, 24576 MiB, 47.97 W
2026/09/26 15:10:50.086, NVIDIA GeForce RTX 3090, <REDACTED_GPU_UUID>, 60, 30 %, 1546 MiB, 24576 MiB, 48.94 W
2026/09/26 15:10:51.086, NVIDIA GeForce RTX 3090, <REDACTED_GPU_UUID>, 60, 40 %, 1543 MiB, 24576 MiB, 49.54 W
2026/09/26 15:10:52.086, NVIDIA GeForce RTX 3090, <REDACTED_GPU_UUID>, 60, 29 %, 1579 MiB, 24576 MiB, 48.74 W
2026/09/26 15:10:53.086, NVIDIA GeForce RTX 3090, <REDACTED_GPU_UUID>, 60, 37 %, 1578 MiB, 24576 MiB, 47.20 W
2026/09/26 15:10:54.086, NVIDIA GeForce RTX 3090, <REDACTED_GPU_UUID>, 60, 38 %, 1553 MiB, 24576 MiB, 47.52 W
2026/09/26 15:10:55.086, NVIDIA GeForce RTX 3090, <REDACTED_GPU_UUID>, 60, 35 %, 1553 MiB, 24576 MiB, 47.67 W
2026/09/26 15:10:56.086, NVIDIA GeForce RTX 3090, <REDACTED_GPU_UUID>, 60, 26 %, 1550 MiB, 24576 MiB, 48.56 W
2026/09/26 15:10:57.087, NVIDIA GeForce RTX 3090, <REDACTED_GPU_UUID>, 60, 16 %, 1552 MiB, 24576 MiB, 47.19 W
2026/09/26 15:10:58.087, NVIDIA GeForce RTX 3090, <REDACTED_GPU_UUID>, 60, 36 %, 1551 MiB, 24576 MiB, 43.15 W
2026/09/26 15:10:59.087, NVIDIA GeForce RTX 3090, <REDACTED_GPU_UUID>, 60, 36 %, 1541 MiB, 24576 MiB, 43.32 W
2026/09/26 15:11:00.087, NVIDIA GeForce RTX 3090, <REDACTED_GPU_UUID>, 60, 24 %, 1543 MiB, 24576 MiB, 46.09 W
2026/09/26 15:11:01.087, NVIDIA GeForce RTX 3090, <REDACTED_GPU_UUID>, 60, 24 %, 1496 MiB, 24576 MiB, 45.05 W
2026/09/26 15:11:02.087, NVIDIA GeForce RTX 3090, <REDACTED_GPU_UUID>, 60, 40 %, 1483 MiB, 24576 MiB, 47.04 W
2026/09/26 15:11:03.087, NVIDIA GeForce RTX 3090, <REDACTED_GPU_UUID>, 60, 27 %, 1482 MiB, 24576 MiB, 43.53 W
2026/09/26 15:11:04.087, NVIDIA GeForce RTX 3090, <REDACTED_GPU_UUID>, 60, 22 %, 1482 MiB, 24576 MiB, 42.99 W
2026/09/26 15:11:05.088, NVIDIA GeForce RTX 3090, <REDACTED_GPU_UUID>, 60, 30 %, 1477 MiB, 24576 MiB, 45.52 W
2026/09/26 15:11:06.088, NVIDIA GeForce RTX 3090, <REDACTED_GPU_UUID>, 60, 22 %, 1473 MiB, 24576 MiB, 43.44 W
2026/09/26 15:11:07.088, NVIDIA GeForce RTX 3090, <REDACTED_GPU_UUID>, 60, 31 %, 1481 MiB, 24576 MiB, 43.69 W
2026/09/26 15:11:08.088, NVIDIA GeForce RTX 3090, <REDACTED_GPU_UUID>, 60, 56 %, 1490 MiB, 24576 MiB, 47.35 W
2026/09/26 15:11:09.088, NVIDIA GeForce RTX 3090, <REDACTED_GPU_UUID>, 60, 25 %, 1495 MiB, 24576 MiB, 47.90 W
2026/09/26 15:11:10.088, NVIDIA GeForce RTX 3090, <REDACTED_GPU_UUID>, 60, 12 %, 1539 MiB, 24576 MiB, 45.10 W
2026/09/26 15:11:11.089, NVIDIA GeForce RTX 3090, <REDACTED_GPU_UUID>, 60, 21 %, 1531 MiB, 24576 MiB, 47.64 W
2026/09/26 15:11:12.089, NVIDIA GeForce RTX 3090, <REDACTED_GPU_UUID>, 60, 21 %, 1500 MiB, 24576 MiB, 47.45 W
2026/09/26 15:11:13.089, NVIDIA GeForce RTX 3090, <REDACTED_GPU_UUID>, 60, 37 %, 1485 MiB, 24576 MiB, 47.31 W
2026/09/26 15:11:14.089, NVIDIA GeForce RTX 3090, <REDACTED_GPU_UUID>, 60, 41 %, 1486 MiB, 24576 MiB, 47.10 W
2026/09/26 15:11:15.089, NVIDIA GeForce RTX 3090, <REDACTED_GPU_UUID>, 60, 37 %, 1486 MiB, 24576 MiB, 46.15 W
2026/09/26 15:11:16.089, NVIDIA GeForce RTX 3090, <REDACTED_GPU_UUID>, 60, 37 %, 1475 MiB, 24576 MiB, 46.54 W
2026/09/26 15:11:17.089, NVIDIA GeForce RTX 3090, <REDACTED_GPU_UUID>, 60, 34 %, 1475 MiB, 24576 MiB, 46.98 W
2026/09/26 15:11:18.090, NVIDIA GeForce RTX 3090, <REDACTED_GPU_UUID>, 60, 34 %, 1474 MiB, 24576 MiB, 47.19 W
2026/09/26 15:11:19.090, NVIDIA GeForce RTX 3090, <REDACTED_GPU_UUID>, 60, 38 %, 1469 MiB, 24576 MiB, 46.96 W
2026/09/26 15:11:20.090, NVIDIA GeForce RTX 3090, <REDACTED_GPU_UUID>, 60, 38 %, 1475 MiB, 24576 MiB, 47.23 W
2026/09/26 15:11:21.090, NVIDIA GeForce RTX 3090, <REDACTED_GPU_UUID>, 60, 40 %, 1475 MiB, 24576 MiB, 46.89 W
2026/09/26 15:11:22.090, NVIDIA GeForce RTX 3090, <REDACTED_GPU_UUID>, 60, 32 %, 1484 MiB, 24576 MiB, 47.03 W
2026/09/26 15:11:23.090, NVIDIA GeForce RTX 3090, <REDACTED_GPU_UUID>, 60, 24 %, 1495 MiB, 24576 MiB, 47.56 W
2026/09/26 15:11:24.090, NVIDIA GeForce RTX 3090, <REDACTED_GPU_UUID>, 60, 26 %, 1490 MiB, 24576 MiB, 47.85 W
2026/09/26 15:11:25.091, NVIDIA GeForce RTX 3090, <REDACTED_GPU_UUID>, 60, 26 %, 1520 MiB, 24576 MiB, 48.65 W
2026/09/26 15:11:26.091, NVIDIA GeForce RTX 3090, <REDACTED_GPU_UUID>, 60, 23 %, 1535 MiB, 24576 MiB, 48.63 W
2026/09/26 15:11:27.091, NVIDIA GeForce RTX 3090, <REDACTED_GPU_UUID>, 60, 39 %, 1515 MiB, 24576 MiB, 47.47 W
2026/09/26 15:11:28.091, NVIDIA GeForce RTX 3090, <REDACTED_GPU_UUID>, 60, 33 %, 1497 MiB, 24576 MiB, 47.41 W
2026/09/26 15:11:29.091, NVIDIA GeForce RTX 3090, <REDACTED_GPU_UUID>, 60, 27 %, 1498 MiB, 24576 MiB, 48.66 W
2026/09/26 15:11:30.091, NVIDIA GeForce RTX 3090, <REDACTED_GPU_UUID>, 60, 22 %, 1487 MiB, 24576 MiB, 49.18 W
2026/09/26 15:11:31.091, NVIDIA GeForce RTX 3090, <REDACTED_GPU_UUID>, 60, 26 %, 1515 MiB, 24576 MiB, 49.22 W
2026/09/26 15:11:32.092, NVIDIA GeForce RTX 3090, <REDACTED_GPU_UUID>, 60, 32 %, 1517 MiB, 24576 MiB, 45.28 W
2026/09/26 15:11:33.092, NVIDIA GeForce RTX 3090, <REDACTED_GPU_UUID>, 60, 29 %, 1536 MiB, 24576 MiB, 46.05 W
2026/09/26 15:11:34.092, NVIDIA GeForce RTX 3090, <REDACTED_GPU_UUID>, 60, 22 %, 1521 MiB, 24576 MiB, 44.05 W
2026/09/26 15:11:35.092, NVIDIA GeForce RTX 3090, <REDACTED_GPU_UUID>, 60, 23 %, 1514 MiB, 24576 MiB, 42.95 W
2026/09/26 15:11:36.092, NVIDIA GeForce RTX 3090, <REDACTED_GPU_UUID>, 60, 21 %, 1507 MiB, 24576 MiB, 43.15 W
2026/09/26 15:11:37.092, NVIDIA GeForce RTX 3090, <REDACTED_GPU_UUID>, 60, 28 %, 1504 MiB, 24576 MiB, 43.54 W
2026/09/26 15:11:38.092, NVIDIA GeForce RTX 3090, <REDACTED_GPU_UUID>, 60, 29 %, 1497 MiB, 24576 MiB, 43.24 W
2026/09/26 15:11:39.093, NVIDIA GeForce RTX 3090, <REDACTED_GPU_UUID>, 60, 35 %, 1498 MiB, 24576 MiB, 46.38 W
2026/09/26 15:11:40.093, NVIDIA GeForce RTX 3090, <REDACTED_GPU_UUID>, 60, 23 %, 1491 MiB, 24576 MiB, 47.14 W
2026/09/26 15:11:41.093, NVIDIA GeForce RTX 3090, <REDACTED_GPU_UUID>, 60, 20 %, 1489 MiB, 24576 MiB, 46.75 W
2026/09/26 15:11:42.093, NVIDIA GeForce RTX 3090, <REDACTED_GPU_UUID>, 60, 36 %, 1481 MiB, 24576 MiB, 46.89 W
2026/09/26 15:11:43.093, NVIDIA GeForce RTX 3090, <REDACTED_GPU_UUID>, 60, 31 %, 1476 MiB, 24576 MiB, 46.76 W
2026/09/26 15:11:44.093, NVIDIA GeForce RTX 3090, <REDACTED_GPU_UUID>, 60, 34 %, 1473 MiB, 24576 MiB, 47.08 W
2026/09/26 15:11:45.093, NVIDIA GeForce RTX 3090, <REDACTED_GPU_UUID>, 60, 35 %, 1472 MiB, 24576 MiB, 46.83 W
2026/09/26 15:11:46.093, NVIDIA GeForce RTX 3090, <REDACTED_GPU_UUID>, 60, 43 %, 1472 MiB, 24576 MiB, 46.50 W
2026/09/26 15:11:47.094, NVIDIA GeForce RTX 3090, <REDACTED_GPU_UUID>, 60, 36 %, 1472 MiB, 24576 MiB, 46.15 W
2026/09/26 15:11:48.094, NVIDIA GeForce RTX 3090, <REDACTED_GPU_UUID>, 60, 34 %, 1485 MiB, 24576 MiB, 46.15 W
2026/09/26 15:11:49.094, NVIDIA GeForce RTX 3090, <REDACTED_GPU_UUID>, 60, 25 %, 1481 MiB, 24576 MiB, 45.87 W
2026/09/26 15:11:50.094, NVIDIA GeForce RTX 3090, <REDACTED_GPU_UUID>, 60, 33 %, 1474 MiB, 24576 MiB, 45.84 W
2026/09/26 15:11:51.094, NVIDIA GeForce RTX 3090, <REDACTED_GPU_UUID>, 60, 33 %, 1475 MiB, 24576 MiB, 46.31 W
2026/09/26 15:11:52.094, NVIDIA GeForce RTX 3090, <REDACTED_GPU_UUID>, 60, 49 %, 1485 MiB, 24576 MiB, 46.45 W
2026/09/26 15:11:53.094, NVIDIA GeForce RTX 3090, <REDACTED_GPU_UUID>, 60, 40 %, 1487 MiB, 24576 MiB, 47.79 W
2026/09/26 15:11:54.094, NVIDIA GeForce RTX 3090, <REDACTED_GPU_UUID>, 60, 25 %, 1481 MiB, 24576 MiB, 48.08 W
2026/09/26 15:11:55.095, NVIDIA GeForce RTX 3090, <REDACTED_GPU_UUID>, 60, 23 %, 1480 MiB, 24576 MiB, 48.31 W
2026/09/26 15:11:56.095, NVIDIA GeForce RTX 3090, <REDACTED_GPU_UUID>, 60, 38 %, 1487 MiB, 24576 MiB, 47.58 W
2026/09/26 15:11:57.095, NVIDIA GeForce RTX 3090, <REDACTED_GPU_UUID>, 60, 30 %, 1482 MiB, 24576 MiB, 46.77 W
2026/09/26 15:11:58.095, NVIDIA GeForce RTX 3090, <REDACTED_GPU_UUID>, 60, 28 %, 1491 MiB, 24576 MiB, 46.31 W
2026/09/26 15:11:59.095, NVIDIA GeForce RTX 3090, <REDACTED_GPU_UUID>, 60, 31 %, 1496 MiB, 24576 MiB, 45.43 W
2026/09/26 15:12:00.096, NVIDIA GeForce RTX 3090, <REDACTED_GPU_UUID>, 60, 14 %, 1494 MiB, 24576 MiB, 47.69 W
2026/09/26 15:12:01.096, NVIDIA GeForce RTX 3090, <REDACTED_GPU_UUID>, 60, 24 %, 1491 MiB, 24576 MiB, 44.52 W
2026/09/26 15:12:02.096, NVIDIA GeForce RTX 3090, <REDACTED_GPU_UUID>, 60, 22 %, 1492 MiB, 24576 MiB, 48.10 W
2026/09/26 15:12:03.096, NVIDIA GeForce RTX 3090, <REDACTED_GPU_UUID>, 60, 27 %, 1490 MiB, 24576 MiB, 42.96 W
2026/09/26 15:12:04.096, NVIDIA GeForce RTX 3090, <REDACTED_GPU_UUID>, 62, 11 %, 1743 MiB, 24576 MiB, 72.21 W
2026/09/26 15:12:05.097, NVIDIA GeForce RTX 3090, <REDACTED_GPU_UUID>, 63, 98 %, 19267 MiB, 24576 MiB, 140.37 W
2026/09/26 15:12:06.097, NVIDIA GeForce RTX 3090, <REDACTED_GPU_UUID>, 63, 98 %, 19266 MiB, 24576 MiB, 165.14 W
2026/09/26 15:12:07.097, NVIDIA GeForce RTX 3090, <REDACTED_GPU_UUID>, 68, 93 %, 22508 MiB, 24576 MiB, 265.18 W
2026/09/26 15:12:08.097, NVIDIA GeForce RTX 3090, <REDACTED_GPU_UUID>, 64, 3 %, 22515 MiB, 24576 MiB, 248.44 W
2026/09/26 15:12:09.098, NVIDIA GeForce RTX 3090, <REDACTED_GPU_UUID>, 64, 2 %, 22506 MiB, 24576 MiB, 161.06 W
2026/09/26 15:12:10.098, NVIDIA GeForce RTX 3090, <REDACTED_GPU_UUID>, 63, 6 %, 22438 MiB, 24576 MiB, 143.90 W
2026/09/26 15:12:11.098, NVIDIA GeForce RTX 3090, <REDACTED_GPU_UUID>, 63, 5 %, 22446 MiB, 24576 MiB, 136.89 W
2026/09/26 15:12:12.098, NVIDIA GeForce RTX 3090, <REDACTED_GPU_UUID>, 63, 9 %, 22521 MiB, 24576 MiB, 137.64 W
2026/09/26 15:12:13.098, NVIDIA GeForce RTX 3090, <REDACTED_GPU_UUID>, 63, 7 %, 22523 MiB, 24576 MiB, 137.72 W
2026/09/26 15:12:14.098, NVIDIA GeForce RTX 3090, <REDACTED_GPU_UUID>, 62, 5 %, 22508 MiB, 24576 MiB, 137.28 W
2026/09/26 15:12:15.099, NVIDIA GeForce RTX 3090, <REDACTED_GPU_UUID>, 62, 7 %, 22482 MiB, 24576 MiB, 137.32 W
2026/09/26 15:12:16.099, NVIDIA GeForce RTX 3090, <REDACTED_GPU_UUID>, 62, 5 %, 22469 MiB, 24576 MiB, 137.01 W
2026/09/26 15:12:17.099, NVIDIA GeForce RTX 3090, <REDACTED_GPU_UUID>, 62, 5 %, 22464 MiB, 24576 MiB, 136.75 W
2026/09/26 15:12:18.099, NVIDIA GeForce RTX 3090, <REDACTED_GPU_UUID>, 62, 6 %, 22460 MiB, 24576 MiB, 136.69 W
2026/09/26 15:12:19.099, NVIDIA GeForce RTX 3090, <REDACTED_GPU_UUID>, 61, 5 %, 22446 MiB, 24576 MiB, 136.52 W
2026/09/26 15:12:20.099, NVIDIA GeForce RTX 3090, <REDACTED_GPU_UUID>, 61, 7 %, 22454 MiB, 24576 MiB, 135.77 W
2026/09/26 15:12:21.100, NVIDIA GeForce RTX 3090, <REDACTED_GPU_UUID>, 61, 6 %, 22469 MiB, 24576 MiB, 135.71 W
2026/09/26 15:12:22.100, NVIDIA GeForce RTX 3090, <REDACTED_GPU_UUID>, 61, 7 %, 22467 MiB, 24576 MiB, 135.12 W
2026/09/26 15:12:23.100, NVIDIA GeForce RTX 3090, <REDACTED_GPU_UUID>, 61, 6 %, 22465 MiB, 24576 MiB, 134.97 W
2026/09/26 15:12:24.100, NVIDIA GeForce RTX 3090, <REDACTED_GPU_UUID>, 60, 4 %, 22465 MiB, 24576 MiB, 134.29 W
2026/09/26 15:12:25.100, NVIDIA GeForce RTX 3090, <REDACTED_GPU_UUID>, 59, 17 %, 22467 MiB, 24576 MiB, 99.44 W
2026/09/26 15:12:26.100, NVIDIA GeForce RTX 3090, <REDACTED_GPU_UUID>, 58, 24 %, 22462 MiB, 24576 MiB, 51.17 W
2026/09/26 15:12:27.101, NVIDIA GeForce RTX 3090, <REDACTED_GPU_UUID>, 57, 26 %, 22466 MiB, 24576 MiB, 49.32 W
2026/09/26 15:12:28.101, NVIDIA GeForce RTX 3090, <REDACTED_GPU_UUID>, 57, 26 %, 22465 MiB, 24576 MiB, 48.83 W
2026/09/26 15:12:29.101, NVIDIA GeForce RTX 3090, <REDACTED_GPU_UUID>, 57, 30 %, 22513 MiB, 24576 MiB, 48.99 W
2026/09/26 15:12:30.101, NVIDIA GeForce RTX 3090, <REDACTED_GPU_UUID>, 56, 22 %, 22498 MiB, 24576 MiB, 46.76 W
2026/09/26 15:12:31.102, NVIDIA GeForce RTX 3090, <REDACTED_GPU_UUID>, 56, 35 %, 22477 MiB, 24576 MiB, 46.49 W
2026/09/26 15:12:32.102, NVIDIA GeForce RTX 3090, <REDACTED_GPU_UUID>, 56, 62 %, 22488 MiB, 24576 MiB, 46.20 W
2026/09/26 15:12:33.102, NVIDIA GeForce RTX 3090, <REDACTED_GPU_UUID>, 56, 27 %, 22488 MiB, 24576 MiB, 48.14 W
2026/09/26 15:12:34.102, NVIDIA GeForce RTX 3090, <REDACTED_GPU_UUID>, 55, 37 %, 22491 MiB, 24576 MiB, 47.17 W
2026/09/26 15:12:35.102, NVIDIA GeForce RTX 3090, <REDACTED_GPU_UUID>, 55, 25 %, 22483 MiB, 24576 MiB, 44.27 W
2026/09/26 15:12:36.103, NVIDIA GeForce RTX 3090, <REDACTED_GPU_UUID>, 55, 23 %, 22466 MiB, 24576 MiB, 41.66 W
2026/09/26 15:12:37.103, NVIDIA GeForce RTX 3090, <REDACTED_GPU_UUID>, 54, 25 %, 22465 MiB, 24576 MiB, 41.63 W
2026/09/26 15:12:38.103, NVIDIA GeForce RTX 3090, <REDACTED_GPU_UUID>, 54, 39 %, 22469 MiB, 24576 MiB, 42.35 W
2026/09/26 15:12:39.103, NVIDIA GeForce RTX 3090, <REDACTED_GPU_UUID>, 54, 26 %, 22461 MiB, 24576 MiB, 43.93 W
2026/09/26 15:12:40.103, NVIDIA GeForce RTX 3090, <REDACTED_GPU_UUID>, 54, 42 %, 22467 MiB, 24576 MiB, 42.39 W
2026/09/26 15:12:41.104, NVIDIA GeForce RTX 3090, <REDACTED_GPU_UUID>, 53, 33 %, 22477 MiB, 24576 MiB, 44.56 W
2026/09/26 15:12:42.104, NVIDIA GeForce RTX 3090, <REDACTED_GPU_UUID>, 53, 28 %, 22468 MiB, 24576 MiB, 41.27 W
2026/09/26 15:12:43.104, NVIDIA GeForce RTX 3090, <REDACTED_GPU_UUID>, 55, 100 %, 1441 MiB, 24576 MiB, 64.51 W
2026/09/26 15:12:44.105, NVIDIA GeForce RTX 3090, <REDACTED_GPU_UUID>, 55, 3 %, 1686 MiB, 24576 MiB, 161.38 W
2026/09/26 15:12:45.105, NVIDIA GeForce RTX 3090, <REDACTED_GPU_UUID>, 56, 98 %, 14993 MiB, 24576 MiB, 157.39 W
2026/09/26 15:12:46.105, NVIDIA GeForce RTX 3090, <REDACTED_GPU_UUID>, 56, 3 %, 20395 MiB, 24576 MiB, 159.18 W
2026/09/26 15:12:47.105, NVIDIA GeForce RTX 3090, <REDACTED_GPU_UUID>, 56, 6 %, 20395 MiB, 24576 MiB, 157.35 W
2026/09/26 15:12:48.106, NVIDIA GeForce RTX 3090, <REDACTED_GPU_UUID>, 55, 6 %, 20395 MiB, 24576 MiB, 147.13 W
2026/09/26 15:12:49.106, NVIDIA GeForce RTX 3090, <REDACTED_GPU_UUID>, 55, 4 %, 20394 MiB, 24576 MiB, 129.56 W
2026/09/26 15:12:50.106, NVIDIA GeForce RTX 3090, <REDACTED_GPU_UUID>, 55, 5 %, 20390 MiB, 24576 MiB, 129.34 W
2026/09/26 15:12:51.106, NVIDIA GeForce RTX 3090, <REDACTED_GPU_UUID>, 55, 3 %, 20419 MiB, 24576 MiB, 142.52 W
2026/09/26 15:12:52.106, NVIDIA GeForce RTX 3090, <REDACTED_GPU_UUID>, 58, 5 %, 20419 MiB, 24576 MiB, 345.02 W
2026/09/26 15:12:53.107, NVIDIA GeForce RTX 3090, <REDACTED_GPU_UUID>, 56, 3 %, 20419 MiB, 24576 MiB, 156.39 W
2026/09/26 15:12:54.107, NVIDIA GeForce RTX 3090, <REDACTED_GPU_UUID>, 55, 3 %, 20419 MiB, 24576 MiB, 151.41 W
2026/09/26 15:12:55.107, NVIDIA GeForce RTX 3090, <REDACTED_GPU_UUID>, 55, 4 %, 20430 MiB, 24576 MiB, 130.27 W
2026/09/26 15:12:56.107, NVIDIA GeForce RTX 3090, <REDACTED_GPU_UUID>, 55, 3 %, 20477 MiB, 24576 MiB, 130.80 W
2026/09/26 15:12:57.107, NVIDIA GeForce RTX 3090, <REDACTED_GPU_UUID>, 55, 8 %, 20483 MiB, 24576 MiB, 130.41 W
2026/09/26 15:12:58.107, NVIDIA GeForce RTX 3090, <REDACTED_GPU_UUID>, 55, 6 %, 20455 MiB, 24576 MiB, 130.84 W
2026/09/26 15:12:59.108, NVIDIA GeForce RTX 3090, <REDACTED_GPU_UUID>, 55, 6 %, 20441 MiB, 24576 MiB, 130.40 W
2026/09/26 15:13:00.108, NVIDIA GeForce RTX 3090, <REDACTED_GPU_UUID>, 55, 6 %, 20427 MiB, 24576 MiB, 130.04 W
2026/09/26 15:13:01.108, NVIDIA GeForce RTX 3090, <REDACTED_GPU_UUID>, 55, 7 %, 20432 MiB, 24576 MiB, 130.06 W
2026/09/26 15:13:02.108, NVIDIA GeForce RTX 3090, <REDACTED_GPU_UUID>, 54, 6 %, 20414 MiB, 24576 MiB, 130.17 W
2026/09/26 15:13:03.108, NVIDIA GeForce RTX 3090, <REDACTED_GPU_UUID>, 54, 6 %, 20422 MiB, 24576 MiB, 130.04 W
2026/09/26 15:13:04.108, NVIDIA GeForce RTX 3090, <REDACTED_GPU_UUID>, 54, 6 %, 20423 MiB, 24576 MiB, 130.24 W
2026/09/26 15:13:05.108, NVIDIA GeForce RTX 3090, <REDACTED_GPU_UUID>, 54, 7 %, 20432 MiB, 24576 MiB, 130.52 W
2026/09/26 15:13:06.109, NVIDIA GeForce RTX 3090, <REDACTED_GPU_UUID>, 54, 6 %, 20464 MiB, 24576 MiB, 130.56 W
2026/09/26 15:13:07.109, NVIDIA GeForce RTX 3090, <REDACTED_GPU_UUID>, 54, 7 %, 20473 MiB, 24576 MiB, 130.32 W
2026/09/26 15:13:08.109, NVIDIA GeForce RTX 3090, <REDACTED_GPU_UUID>, 54, 7 %, 20383 MiB, 24576 MiB, 130.47 W
2026/09/26 15:13:09.109, NVIDIA GeForce RTX 3090, <REDACTED_GPU_UUID>, 52, 22 %, 20373 MiB, 24576 MiB, 98.38 W
2026/09/26 15:13:10.109, NVIDIA GeForce RTX 3090, <REDACTED_GPU_UUID>, 52, 26 %, 20376 MiB, 24576 MiB, 48.22 W
2026/09/26 15:13:11.109, NVIDIA GeForce RTX 3090, <REDACTED_GPU_UUID>, 51, 42 %, 20367 MiB, 24576 MiB, 45.49 W
2026/09/26 15:13:12.109, NVIDIA GeForce RTX 3090, <REDACTED_GPU_UUID>, 51, 27 %, 20374 MiB, 24576 MiB, 45.78 W
2026/09/26 15:13:13.110, NVIDIA GeForce RTX 3090, <REDACTED_GPU_UUID>, 51, 18 %, 20372 MiB, 24576 MiB, 40.89 W
2026/09/26 15:13:14.110, NVIDIA GeForce RTX 3090, <REDACTED_GPU_UUID>, 51, 60 %, 1354 MiB, 24576 MiB, 41.69 W
2026/09/26 15:13:15.113, NVIDIA GeForce RTX 3090, <REDACTED_GPU_UUID>, 54, 8 %, 1368 MiB, 24576 MiB, 126.24 W
2026/09/26 15:13:16.114, NVIDIA GeForce RTX 3090, <REDACTED_GPU_UUID>, 54, 5 %, 1627 MiB, 24576 MiB, 154.02 W
2026/09/26 15:13:17.114, NVIDIA GeForce RTX 3090, <REDACTED_GPU_UUID>, 53, 4 %, 1615 MiB, 24576 MiB, 139.86 W
2026/09/26 15:13:18.114, NVIDIA GeForce RTX 3090, <REDACTED_GPU_UUID>, 53, 3 %, 1615 MiB, 24576 MiB, 127.83 W
2026/09/26 15:13:19.114, NVIDIA GeForce RTX 3090, <REDACTED_GPU_UUID>, 54, 6 %, 1615 MiB, 24576 MiB, 128.33 W
2026/09/26 15:13:20.114, NVIDIA GeForce RTX 3090, <REDACTED_GPU_UUID>, 54, 3 %, 1610 MiB, 24576 MiB, 128.09 W
2026/09/26 15:13:21.115, NVIDIA GeForce RTX 3090, <REDACTED_GPU_UUID>, 54, 3 %, 1610 MiB, 24576 MiB, 128.14 W
2026/09/26 15:13:22.115, NVIDIA GeForce RTX 3090, <REDACTED_GPU_UUID>, 55, 57 %, 13653 MiB, 24576 MiB, 139.52 W
2026/09/26 15:13:23.115, NVIDIA GeForce RTX 3090, <REDACTED_GPU_UUID>, 55, 3 %, 14695 MiB, 24576 MiB, 156.88 W
2026/09/26 15:13:24.116, NVIDIA GeForce RTX 3090, <REDACTED_GPU_UUID>, 55, 8 %, 14725 MiB, 24576 MiB, 153.79 W
2026/09/26 15:13:25.116, NVIDIA GeForce RTX 3090, <REDACTED_GPU_UUID>, 55, 3 %, 14725 MiB, 24576 MiB, 140.20 W
2026/09/26 15:13:26.116, NVIDIA GeForce RTX 3090, <REDACTED_GPU_UUID>, 55, 3 %, 14740 MiB, 24576 MiB, 131.75 W
2026/09/26 15:13:27.116, NVIDIA GeForce RTX 3090, <REDACTED_GPU_UUID>, 55, 3 %, 14744 MiB, 24576 MiB, 128.45 W
2026/09/26 15:13:28.116, NVIDIA GeForce RTX 3090, <REDACTED_GPU_UUID>, 55, 4 %, 14749 MiB, 24576 MiB, 128.43 W
2026/09/26 15:13:29.116, NVIDIA GeForce RTX 3090, <REDACTED_GPU_UUID>, 55, 4 %, 14749 MiB, 24576 MiB, 128.52 W
2026/09/26 15:13:30.117, NVIDIA GeForce RTX 3090, <REDACTED_GPU_UUID>, 56, 27 %, 14749 MiB, 24576 MiB, 143.86 W
2026/09/26 15:13:31.117, NVIDIA GeForce RTX 3090, <REDACTED_GPU_UUID>, 56, 6 %, 14749 MiB, 24576 MiB, 136.37 W
2026/09/26 15:13:32.117, NVIDIA GeForce RTX 3090, <REDACTED_GPU_UUID>, 56, 3 %, 14744 MiB, 24576 MiB, 129.32 W
2026/09/26 15:13:33.117, NVIDIA GeForce RTX 3090, <REDACTED_GPU_UUID>, 56, 3 %, 14744 MiB, 24576 MiB, 129.05 W
2026/09/26 15:13:34.117, NVIDIA GeForce RTX 3090, <REDACTED_GPU_UUID>, 56, 3 %, 14749 MiB, 24576 MiB, 129.15 W
2026/09/26 15:13:35.118, NVIDIA GeForce RTX 3090, <REDACTED_GPU_UUID>, 56, 5 %, 14749 MiB, 24576 MiB, 129.31 W
2026/09/26 15:13:36.118, NVIDIA GeForce RTX 3090, <REDACTED_GPU_UUID>, 58, 5 %, 14751 MiB, 24576 MiB, 210.37 W
2026/09/26 15:13:37.118, NVIDIA GeForce RTX 3090, <REDACTED_GPU_UUID>, 58, 9 %, 14778 MiB, 24576 MiB, 157.74 W
2026/09/26 15:13:38.118, NVIDIA GeForce RTX 3090, <REDACTED_GPU_UUID>, 57, 12 %, 14774 MiB, 24576 MiB, 147.82 W
2026/09/26 15:13:39.118, NVIDIA GeForce RTX 3090, <REDACTED_GPU_UUID>, 57, 5 %, 14773 MiB, 24576 MiB, 133.28 W
2026/09/26 15:13:40.119, NVIDIA GeForce RTX 3090, <REDACTED_GPU_UUID>, 57, 4 %, 14772 MiB, 24576 MiB, 130.45 W
2026/09/26 15:13:41.119, NVIDIA GeForce RTX 3090, <REDACTED_GPU_UUID>, 57, 4 %, 14768 MiB, 24576 MiB, 130.46 W
2026/09/26 15:13:42.119, NVIDIA GeForce RTX 3090, <REDACTED_GPU_UUID>, 58, 4 %, 14761 MiB, 24576 MiB, 130.53 W
2026/09/26 15:13:43.119, NVIDIA GeForce RTX 3090, <REDACTED_GPU_UUID>, 58, 6 %, 14761 MiB, 24576 MiB, 130.54 W
2026/09/26 15:13:44.119, NVIDIA GeForce RTX 3090, <REDACTED_GPU_UUID>, 58, 6 %, 14760 MiB, 24576 MiB, 130.69 W
2026/09/26 15:13:45.120, NVIDIA GeForce RTX 3090, <REDACTED_GPU_UUID>, 58, 6 %, 14760 MiB, 24576 MiB, 130.77 W
2026/09/26 15:13:46.120, NVIDIA GeForce RTX 3090, <REDACTED_GPU_UUID>, 58, 4 %, 14760 MiB, 24576 MiB, 130.96 W
2026/09/26 15:13:47.120, NVIDIA GeForce RTX 3090, <REDACTED_GPU_UUID>, 58, 4 %, 14760 MiB, 24576 MiB, 131.01 W
2026/09/26 15:13:48.120, NVIDIA GeForce RTX 3090, <REDACTED_GPU_UUID>, 58, 4 %, 14760 MiB, 24576 MiB, 131.05 W
2026/09/26 15:13:49.120, NVIDIA GeForce RTX 3090, <REDACTED_GPU_UUID>, 59, 4 %, 14760 MiB, 24576 MiB, 131.11 W
2026/09/26 15:13:50.121, NVIDIA GeForce RTX 3090, <REDACTED_GPU_UUID>, 59, 4 %, 14760 MiB, 24576 MiB, 131.35 W
2026/09/26 15:13:51.121, NVIDIA GeForce RTX 3090, <REDACTED_GPU_UUID>, 59, 5 %, 14760 MiB, 24576 MiB, 131.39 W
2026/09/26 15:13:52.121, NVIDIA GeForce RTX 3090, <REDACTED_GPU_UUID>, 59, 4 %, 14760 MiB, 24576 MiB, 131.56 W
2026/09/26 15:13:53.121, NVIDIA GeForce RTX 3090, <REDACTED_GPU_UUID>, 58, 18 %, 14760 MiB, 24576 MiB, 100.13 W
2026/09/26 15:13:54.121, NVIDIA GeForce RTX 3090, <REDACTED_GPU_UUID>, 57, 16 %, 14757 MiB, 24576 MiB, 45.14 W
2026/09/26 15:13:55.122, NVIDIA GeForce RTX 3090, <REDACTED_GPU_UUID>, 57, 30 %, 14757 MiB, 24576 MiB, 42.79 W
2026/09/26 15:13:56.122, NVIDIA GeForce RTX 3090, <REDACTED_GPU_UUID>, 57, 31 %, 14757 MiB, 24576 MiB, 42.92 W
2026/09/26 15:13:57.122, NVIDIA GeForce RTX 3090, <REDACTED_GPU_UUID>, 57, 31 %, 14757 MiB, 24576 MiB, 42.94 W
2026/09/26 15:13:58.122, NVIDIA GeForce RTX 3090, <REDACTED_GPU_UUID>, 57, 32 %, 14757 MiB, 24576 MiB, 42.73 W
2026/09/26 15:13:59.122, NVIDIA GeForce RTX 3090, <REDACTED_GPU_UUID>, 57, 33 %, 14757 MiB, 24576 MiB, 42.69 W
2026/09/26 15:14:00.122, NVIDIA GeForce RTX 3090, <REDACTED_GPU_UUID>, 57, 33 %, 14757 MiB, 24576 MiB, 42.99 W
2026/09/26 15:14:01.122, NVIDIA GeForce RTX 3090, <REDACTED_GPU_UUID>, 56, 33 %, 14757 MiB, 24576 MiB, 42.66 W
2026/09/26 15:14:02.123, NVIDIA GeForce RTX 3090, <REDACTED_GPU_UUID>, 57, 33 %, 14757 MiB, 24576 MiB, 42.34 W
2026/09/26 15:14:03.123, NVIDIA GeForce RTX 3090, <REDACTED_GPU_UUID>, 57, 32 %, 14757 MiB, 24576 MiB, 42.52 W
2026/09/26 15:14:04.123, NVIDIA GeForce RTX 3090, <REDACTED_GPU_UUID>, 56, 33 %, 14757 MiB, 24576 MiB, 42.38 W
2026/09/26 15:14:05.123, NVIDIA GeForce RTX 3090, <REDACTED_GPU_UUID>, 56, 33 %, 14749 MiB, 24576 MiB, 42.06 W
2026/09/26 15:14:06.123, NVIDIA GeForce RTX 3090, <REDACTED_GPU_UUID>, 56, 33 %, 14749 MiB, 24576 MiB, 42.16 W
2026/09/26 15:14:07.124, NVIDIA GeForce RTX 3090, <REDACTED_GPU_UUID>, 57, 32 %, 14749 MiB, 24576 MiB, 42.35 W
2026/09/26 15:14:08.124, NVIDIA GeForce RTX 3090, <REDACTED_GPU_UUID>, 56, 32 %, 14749 MiB, 24576 MiB, 42.47 W
2026/09/26 15:14:09.124, NVIDIA GeForce RTX 3090, <REDACTED_GPU_UUID>, 56, 32 %, 14749 MiB, 24576 MiB, 42.03 W
2026/09/26 15:14:10.124, NVIDIA GeForce RTX 3090, <REDACTED_GPU_UUID>, 56, 32 %, 14749 MiB, 24576 MiB, 42.24 W
2026/09/26 15:14:11.124, NVIDIA GeForce RTX 3090, <REDACTED_GPU_UUID>, 56, 32 %, 14749 MiB, 24576 MiB, 42.25 W
2026/09/26 15:14:12.124, NVIDIA GeForce RTX 3090, <REDACTED_GPU_UUID>, 56, 32 %, 14749 MiB, 24576 MiB, 42.31 W
2026/09/26 15:14:13.124, NVIDIA GeForce RTX 3090, <REDACTED_GPU_UUID>, 56, 32 %, 14749 MiB, 24576 MiB, 42.18 W
2026/09/26 15:14:14.125, NVIDIA GeForce RTX 3090, <REDACTED_GPU_UUID>, 56, 35 %, 14749 MiB, 24576 MiB, 42.27 W
2026/09/26 15:14:15.125, NVIDIA GeForce RTX 3090, <REDACTED_GPU_UUID>, 56, 32 %, 14749 MiB, 24576 MiB, 42.36 W
2026/09/26 15:14:16.125, NVIDIA GeForce RTX 3090, <REDACTED_GPU_UUID>, 56, 33 %, 14749 MiB, 24576 MiB, 42.09 W
2026/09/26 15:14:17.125, NVIDIA GeForce RTX 3090, <REDACTED_GPU_UUID>, 57, 33 %, 14749 MiB, 24576 MiB, 41.99 W
2026/09/26 15:14:18.125, NVIDIA GeForce RTX 3090, <REDACTED_GPU_UUID>, 56, 34 %, 14749 MiB, 24576 MiB, 42.34 W
2026/09/26 15:14:19.125, NVIDIA GeForce RTX 3090, <REDACTED_GPU_UUID>, 56, 34 %, 14749 MiB, 24576 MiB, 42.50 W
2026/09/26 15:14:20.126, NVIDIA GeForce RTX 3090, <REDACTED_GPU_UUID>, 56, 34 %, 14749 MiB, 24576 MiB, 42.38 W
2026/09/26 15:14:21.126, NVIDIA GeForce RTX 3090, <REDACTED_GPU_UUID>, 56, 37 %, 14749 MiB, 24576 MiB, 42.42 W
2026/09/26 15:14:22.126, NVIDIA GeForce RTX 3090, <REDACTED_GPU_UUID>, 56, 39 %, 14749 MiB, 24576 MiB, 42.25 W
2026/09/26 15:14:23.126, NVIDIA GeForce RTX 3090, <REDACTED_GPU_UUID>, 57, 34 %, 14749 MiB, 24576 MiB, 42.31 W
2026/09/26 15:14:24.126, NVIDIA GeForce RTX 3090, <REDACTED_GPU_UUID>, 57, 43 %, 14749 MiB, 24576 MiB, 44.45 W
2026/09/26 15:14:25.126, NVIDIA GeForce RTX 3090, <REDACTED_GPU_UUID>, 56, 34 %, 14749 MiB, 24576 MiB, 42.53 W
2026/09/26 15:14:26.126, NVIDIA GeForce RTX 3090, <REDACTED_GPU_UUID>, 57, 38 %, 14749 MiB, 24576 MiB, 43.71 W
2026/09/26 15:14:27.127, NVIDIA GeForce RTX 3090, <REDACTED_GPU_UUID>, 56, 34 %, 14753 MiB, 24576 MiB, 43.46 W
2026/09/26 15:14:28.127, NVIDIA GeForce RTX 3090, <REDACTED_GPU_UUID>, 57, 28 %, 14794 MiB, 24576 MiB, 45.28 W
2026/09/26 15:14:29.127, NVIDIA GeForce RTX 3090, <REDACTED_GPU_UUID>, 57, 21 %, 14765 MiB, 24576 MiB, 45.50 W
2026/09/26 15:14:30.127, NVIDIA GeForce RTX 3090, <REDACTED_GPU_UUID>, 57, 45 %, 14771 MiB, 24576 MiB, 44.32 W
2026/09/26 15:14:31.127, NVIDIA GeForce RTX 3090, <REDACTED_GPU_UUID>, 57, 33 %, 14789 MiB, 24576 MiB, 43.10 W
2026/09/26 15:14:32.127, NVIDIA GeForce RTX 3090, <REDACTED_GPU_UUID>, 57, 51 %, 14788 MiB, 24576 MiB, 46.13 W
2026/09/26 15:14:33.127, NVIDIA GeForce RTX 3090, <REDACTED_GPU_UUID>, 57, 30 %, 14774 MiB, 24576 MiB, 45.49 W
2026/09/26 15:14:34.128, NVIDIA GeForce RTX 3090, <REDACTED_GPU_UUID>, 57, 48 %, 14762 MiB, 24576 MiB, 45.80 W
2026/09/26 15:14:35.128, NVIDIA GeForce RTX 3090, <REDACTED_GPU_UUID>, 57, 29 %, 14775 MiB, 24576 MiB, 46.89 W
2026/09/26 15:14:36.128, NVIDIA GeForce RTX 3090, <REDACTED_GPU_UUID>, 57, 29 %, 14770 MiB, 24576 MiB, 48.44 W
2026/09/26 15:14:37.128, NVIDIA GeForce RTX 3090, <REDACTED_GPU_UUID>, 57, 27 %, 14769 MiB, 24576 MiB, 47.83 W
2026/09/26 15:14:38.128, NVIDIA GeForce RTX 3090, <REDACTED_GPU_UUID>, 57, 34 %, 14779 MiB, 24576 MiB, 47.02 W
2026/09/26 15:14:39.128, NVIDIA GeForce RTX 3090, <REDACTED_GPU_UUID>, 57, 34 %, 14773 MiB, 24576 MiB, 47.73 W
2026/09/26 15:14:40.128, NVIDIA GeForce RTX 3090, <REDACTED_GPU_UUID>, 57, 33 %, 14764 MiB, 24576 MiB, 47.15 W
2026/09/26 15:14:41.129, NVIDIA GeForce RTX 3090, <REDACTED_GPU_UUID>, 57, 33 %, 14801 MiB, 24576 MiB, 47.56 W
2026/09/26 15:14:42.129, NVIDIA GeForce RTX 3090, <REDACTED_GPU_UUID>, 57, 28 %, 14788 MiB, 24576 MiB, 46.59 W
2026/09/26 15:14:43.129, NVIDIA GeForce RTX 3090, <REDACTED_GPU_UUID>, 57, 31 %, 14770 MiB, 24576 MiB, 45.85 W
2026/09/26 15:14:44.129, NVIDIA GeForce RTX 3090, <REDACTED_GPU_UUID>, 57, 35 %, 14773 MiB, 24576 MiB, 45.47 W
2026/09/26 15:14:45.129, NVIDIA GeForce RTX 3090, <REDACTED_GPU_UUID>, 57, 24 %, 14765 MiB, 24576 MiB, 47.75 W
2026/09/26 15:14:46.129, NVIDIA GeForce RTX 3090, <REDACTED_GPU_UUID>, 57, 22 %, 14759 MiB, 24576 MiB, 46.65 W
2026/09/26 15:14:47.129, NVIDIA GeForce RTX 3090, <REDACTED_GPU_UUID>, 57, 43 %, 14747 MiB, 24576 MiB, 46.33 W
2026/09/26 15:14:48.130, NVIDIA GeForce RTX 3090, <REDACTED_GPU_UUID>, 57, 26 %, 14746 MiB, 24576 MiB, 46.57 W
2026/09/26 15:14:49.130, NVIDIA GeForce RTX 3090, <REDACTED_GPU_UUID>, 57, 31 %, 14756 MiB, 24576 MiB, 46.88 W
2026/09/26 15:14:50.130, NVIDIA GeForce RTX 3090, <REDACTED_GPU_UUID>, 57, 22 %, 14763 MiB, 24576 MiB, 46.35 W
2026/09/26 15:14:51.130, NVIDIA GeForce RTX 3090, <REDACTED_GPU_UUID>, 57, 31 %, 14764 MiB, 24576 MiB, 45.29 W
2026/09/26 15:14:52.130, NVIDIA GeForce RTX 3090, <REDACTED_GPU_UUID>, 57, 22 %, 14764 MiB, 24576 MiB, 45.97 W
2026/09/26 15:14:53.130, NVIDIA GeForce RTX 3090, <REDACTED_GPU_UUID>, 57, 23 %, 14758 MiB, 24576 MiB, 45.59 W
2026/09/26 15:14:54.131, NVIDIA GeForce RTX 3090, <REDACTED_GPU_UUID>, 57, 100 %, 1366 MiB, 24576 MiB, 46.81 W
2026/09/26 15:14:55.131, NVIDIA GeForce RTX 3090, <REDACTED_GPU_UUID>, 60, 10 %, 1366 MiB, 24576 MiB, 139.17 W
2026/09/26 15:14:56.137, NVIDIA GeForce RTX 3090, <REDACTED_GPU_UUID>, 60, 7 %, 1620 MiB, 24576 MiB, 159.68 W
2026/09/26 15:14:57.137, NVIDIA GeForce RTX 3090, <REDACTED_GPU_UUID>, 60, 14 %, 4457 MiB, 24576 MiB, 138.45 W
2026/09/26 15:14:58.137, NVIDIA GeForce RTX 3090, <REDACTED_GPU_UUID>, 60, 12 %, 5329 MiB, 24576 MiB, 133.47 W
2026/09/26 15:14:59.137, NVIDIA GeForce RTX 3090, <REDACTED_GPU_UUID>, 60, 11 %, 6373 MiB, 24576 MiB, 133.89 W
2026/09/26 15:15:00.137, NVIDIA GeForce RTX 3090, <REDACTED_GPU_UUID>, 62, 90 %, 6493 MiB, 24576 MiB, 175.53 W
2026/09/26 15:15:01.138, NVIDIA GeForce RTX 3090, <REDACTED_GPU_UUID>, 61, 5 %, 6493 MiB, 24576 MiB, 185.21 W
2026/09/26 15:15:02.138, NVIDIA GeForce RTX 3090, <REDACTED_GPU_UUID>, 61, 5 %, 6485 MiB, 24576 MiB, 157.31 W
2026/09/26 15:15:03.138, NVIDIA GeForce RTX 3090, <REDACTED_GPU_UUID>, 61, 3 %, 6494 MiB, 24576 MiB, 132.77 W
2026/09/26 15:15:04.138, NVIDIA GeForce RTX 3090, <REDACTED_GPU_UUID>, 61, 6 %, 6528 MiB, 24576 MiB, 133.11 W
2026/09/26 15:15:05.138, NVIDIA GeForce RTX 3090, <REDACTED_GPU_UUID>, 61, 8 %, 6527 MiB, 24576 MiB, 133.75 W
2026/09/26 15:15:06.139, NVIDIA GeForce RTX 3090, <REDACTED_GPU_UUID>, 61, 5 %, 6529 MiB, 24576 MiB, 133.86 W
2026/09/26 15:15:07.139, NVIDIA GeForce RTX 3090, <REDACTED_GPU_UUID>, 61, 7 %, 6532 MiB, 24576 MiB, 134.10 W
2026/09/26 15:15:08.139, NVIDIA GeForce RTX 3090, <REDACTED_GPU_UUID>, 61, 8 %, 6507 MiB, 24576 MiB, 134.05 W
2026/09/26 15:15:09.139, NVIDIA GeForce RTX 3090, <REDACTED_GPU_UUID>, 62, 7 %, 6501 MiB, 24576 MiB, 134.27 W
2026/09/26 15:15:10.139, NVIDIA GeForce RTX 3090, <REDACTED_GPU_UUID>, 62, 7 %, 6517 MiB, 24576 MiB, 134.48 W
2026/09/26 15:15:11.139, NVIDIA GeForce RTX 3090, <REDACTED_GPU_UUID>, 62, 7 %, 6511 MiB, 24576 MiB, 134.57 W
2026/09/26 15:15:12.139, NVIDIA GeForce RTX 3090, <REDACTED_GPU_UUID>, 62, 7 %, 6526 MiB, 24576 MiB, 134.98 W
2026/09/26 15:15:13.140, NVIDIA GeForce RTX 3090, <REDACTED_GPU_UUID>, 62, 7 %, 6532 MiB, 24576 MiB, 135.72 W
2026/09/26 15:15:14.140, NVIDIA GeForce RTX 3090, <REDACTED_GPU_UUID>, 62, 8 %, 6523 MiB, 24576 MiB, 135.98 W
2026/09/26 15:15:15.140, NVIDIA GeForce RTX 3090, <REDACTED_GPU_UUID>, 62, 8 %, 6524 MiB, 24576 MiB, 136.01 W
2026/09/26 15:15:16.140, NVIDIA GeForce RTX 3090, <REDACTED_GPU_UUID>, 63, 7 %, 6556 MiB, 24576 MiB, 136.33 W
2026/09/26 15:15:17.140, NVIDIA GeForce RTX 3090, <REDACTED_GPU_UUID>, 61, 20 %, 6557 MiB, 24576 MiB, 100.74 W
2026/09/26 15:15:18.140, NVIDIA GeForce RTX 3090, <REDACTED_GPU_UUID>, 61, 25 %, 6539 MiB, 24576 MiB, 50.78 W
2026/09/26 15:15:19.140, NVIDIA GeForce RTX 3090, <REDACTED_GPU_UUID>, 61, 28 %, 6530 MiB, 24576 MiB, 48.88 W
2026/09/26 15:15:20.140, NVIDIA GeForce RTX 3090, <REDACTED_GPU_UUID>, 61, 41 %, 6522 MiB, 24576 MiB, 49.06 W
2026/09/26 15:15:21.141, NVIDIA GeForce RTX 3090, <REDACTED_GPU_UUID>, 60, 33 %, 6526 MiB, 24576 MiB, 48.65 W
2026/09/26 15:15:22.141, NVIDIA GeForce RTX 3090, <REDACTED_GPU_UUID>, 60, 60 %, 6537 MiB, 24576 MiB, 47.97 W
2026/09/26 15:15:23.141, NVIDIA GeForce RTX 3090, <REDACTED_GPU_UUID>, 60, 20 %, 6521 MiB, 24576 MiB, 45.33 W
2026/09/26 15:15:24.142, NVIDIA GeForce RTX 3090, <REDACTED_GPU_UUID>, 60, 31 %, 6516 MiB, 24576 MiB, 45.95 W
2026/09/26 15:15:25.142, NVIDIA GeForce RTX 3090, <REDACTED_GPU_UUID>, 60, 30 %, 6515 MiB, 24576 MiB, 44.35 W
2026/09/26 15:15:26.142, NVIDIA GeForce RTX 3090, <REDACTED_GPU_UUID>, 60, 32 %, 6514 MiB, 24576 MiB, 44.30 W
2026/09/26 15:15:27.142, NVIDIA GeForce RTX 3090, <REDACTED_GPU_UUID>, 60, 32 %, 6503 MiB, 24576 MiB, 45.10 W
2026/09/26 15:15:28.142, NVIDIA GeForce RTX 3090, <REDACTED_GPU_UUID>, 60, 30 %, 6512 MiB, 24576 MiB, 47.89 W
2026/09/26 15:15:29.142, NVIDIA GeForce RTX 3090, <REDACTED_GPU_UUID>, 60, 29 %, 6511 MiB, 24576 MiB, 47.29 W
2026/09/26 15:15:30.143, NVIDIA GeForce RTX 3090, <REDACTED_GPU_UUID>, 60, 20 %, 6535 MiB, 24576 MiB, 46.13 W
2026/09/26 15:15:31.143, NVIDIA GeForce RTX 3090, <REDACTED_GPU_UUID>, 59, 34 %, 6511 MiB, 24576 MiB, 44.88 W
2026/09/26 15:15:32.143, NVIDIA GeForce RTX 3090, <REDACTED_GPU_UUID>, 59, 34 %, 6512 MiB, 24576 MiB, 44.61 W
2026/09/26 15:15:33.143, NVIDIA GeForce RTX 3090, <REDACTED_GPU_UUID>, 59, 29 %, 6540 MiB, 24576 MiB, 46.07 W
2026/09/26 15:15:34.143, NVIDIA GeForce RTX 3090, <REDACTED_GPU_UUID>, 59, 28 %, 6540 MiB, 24576 MiB, 46.85 W
2026/09/26 15:15:35.143, NVIDIA GeForce RTX 3090, <REDACTED_GPU_UUID>, 60, 27 %, 6512 MiB, 24576 MiB, 46.82 W
2026/09/26 15:15:36.143, NVIDIA GeForce RTX 3090, <REDACTED_GPU_UUID>, 59, 26 %, 6512 MiB, 24576 MiB, 46.47 W
2026/09/26 15:15:37.144, NVIDIA GeForce RTX 3090, <REDACTED_GPU_UUID>, 60, 27 %, 6516 MiB, 24576 MiB, 47.08 W
2026/09/26 15:15:38.144, NVIDIA GeForce RTX 3090, <REDACTED_GPU_UUID>, 59, 26 %, 6518 MiB, 24576 MiB, 46.84 W
2026/09/26 15:15:39.144, NVIDIA GeForce RTX 3090, <REDACTED_GPU_UUID>, 59, 30 %, 6518 MiB, 24576 MiB, 47.63 W
2026/09/26 15:15:40.144, NVIDIA GeForce RTX 3090, <REDACTED_GPU_UUID>, 59, 32 %, 6514 MiB, 24576 MiB, 47.62 W
2026/09/26 15:15:41.144, NVIDIA GeForce RTX 3090, <REDACTED_GPU_UUID>, 59, 29 %, 6524 MiB, 24576 MiB, 48.69 W
2026/09/26 15:15:42.144, NVIDIA GeForce RTX 3090, <REDACTED_GPU_UUID>, 60, 32 %, 6523 MiB, 24576 MiB, 50.22 W
2026/09/26 15:15:43.144, NVIDIA GeForce RTX 3090, <REDACTED_GPU_UUID>, 59, 32 %, 6546 MiB, 24576 MiB, 51.33 W
2026/09/26 15:15:44.144, NVIDIA GeForce RTX 3090, <REDACTED_GPU_UUID>, 59, 31 %, 6558 MiB, 24576 MiB, 48.07 W
2026/09/26 15:15:45.145, NVIDIA GeForce RTX 3090, <REDACTED_GPU_UUID>, 59, 33 %, 6546 MiB, 24576 MiB, 48.22 W
2026/09/26 15:15:46.145, NVIDIA GeForce RTX 3090, <REDACTED_GPU_UUID>, 59, 34 %, 6531 MiB, 24576 MiB, 48.10 W
2026/09/26 15:15:47.145, NVIDIA GeForce RTX 3090, <REDACTED_GPU_UUID>, 59, 29 %, 6528 MiB, 24576 MiB, 48.69 W
2026/09/26 15:15:48.145, NVIDIA GeForce RTX 3090, <REDACTED_GPU_UUID>, 59, 20 %, 6526 MiB, 24576 MiB, 48.33 W
2026/09/26 15:15:49.145, NVIDIA GeForce RTX 3090, <REDACTED_GPU_UUID>, 59, 34 %, 6530 MiB, 24576 MiB, 48.31 W
2026/09/26 15:15:50.145, NVIDIA GeForce RTX 3090, <REDACTED_GPU_UUID>, 59, 34 %, 6529 MiB, 24576 MiB, 45.98 W
2026/09/26 15:15:51.145, NVIDIA GeForce RTX 3090, <REDACTED_GPU_UUID>, 59, 32 %, 6521 MiB, 24576 MiB, 43.83 W
2026/09/26 15:15:52.145, NVIDIA GeForce RTX 3090, <REDACTED_GPU_UUID>, 61, 10 %, 1396 MiB, 24576 MiB, 70.83 W
2026/09/26 15:15:53.149, NVIDIA GeForce RTX 3090, <REDACTED_GPU_UUID>, 61, 5 %, 1642 MiB, 24576 MiB, 136.64 W
2026/09/26 15:15:54.149, NVIDIA GeForce RTX 3090, <REDACTED_GPU_UUID>, 62, 98 %, 19158 MiB, 24576 MiB, 148.01 W
2026/09/26 15:15:55.149, NVIDIA GeForce RTX 3090, <REDACTED_GPU_UUID>, 63, 19 %, 22388 MiB, 24576 MiB, 167.75 W
2026/09/26 15:15:56.150, NVIDIA GeForce RTX 3090, <REDACTED_GPU_UUID>, 68, 90 %, 22404 MiB, 24576 MiB, 286.38 W
2026/09/26 15:15:57.150, NVIDIA GeForce RTX 3090, <REDACTED_GPU_UUID>, 64, 3 %, 22404 MiB, 24576 MiB, 218.91 W
2026/09/26 15:15:58.150, NVIDIA GeForce RTX 3090, <REDACTED_GPU_UUID>, 63, 3 %, 22404 MiB, 24576 MiB, 159.06 W
2026/09/26 15:15:59.150, NVIDIA GeForce RTX 3090, <REDACTED_GPU_UUID>, 62, 6 %, 22404 MiB, 24576 MiB, 136.79 W
2026/09/26 15:16:00.150, NVIDIA GeForce RTX 3090, <REDACTED_GPU_UUID>, 62, 9 %, 22402 MiB, 24576 MiB, 136.88 W
2026/09/26 15:16:01.150, NVIDIA GeForce RTX 3090, <REDACTED_GPU_UUID>, 62, 5 %, 22426 MiB, 24576 MiB, 136.30 W
2026/09/26 15:16:02.151, NVIDIA GeForce RTX 3090, <REDACTED_GPU_UUID>, 62, 7 %, 22400 MiB, 24576 MiB, 135.51 W
2026/09/26 15:16:03.151, NVIDIA GeForce RTX 3090, <REDACTED_GPU_UUID>, 62, 5 %, 22407 MiB, 24576 MiB, 135.38 W
2026/09/26 15:16:04.151, NVIDIA GeForce RTX 3090, <REDACTED_GPU_UUID>, 62, 7 %, 22424 MiB, 24576 MiB, 135.75 W
2026/09/26 15:16:05.151, NVIDIA GeForce RTX 3090, <REDACTED_GPU_UUID>, 61, 7 %, 22412 MiB, 24576 MiB, 135.89 W
2026/09/26 15:16:06.151, NVIDIA GeForce RTX 3090, <REDACTED_GPU_UUID>, 61, 6 %, 22406 MiB, 24576 MiB, 135.81 W
2026/09/26 15:16:07.151, NVIDIA GeForce RTX 3090, <REDACTED_GPU_UUID>, 61, 6 %, 22407 MiB, 24576 MiB, 135.70 W
2026/09/26 15:16:08.152, NVIDIA GeForce RTX 3090, <REDACTED_GPU_UUID>, 61, 7 %, 22420 MiB, 24576 MiB, 136.05 W
2026/09/26 15:16:09.152, NVIDIA GeForce RTX 3090, <REDACTED_GPU_UUID>, 61, 7 %, 22441 MiB, 24576 MiB, 136.34 W
2026/09/26 15:16:10.152, NVIDIA GeForce RTX 3090, <REDACTED_GPU_UUID>, 61, 7 %, 22385 MiB, 24576 MiB, 135.78 W
2026/09/26 15:16:11.152, NVIDIA GeForce RTX 3090, <REDACTED_GPU_UUID>, 60, 6 %, 22365 MiB, 24576 MiB, 135.55 W
2026/09/26 15:16:12.153, NVIDIA GeForce RTX 3090, <REDACTED_GPU_UUID>, 60, 7 %, 22366 MiB, 24576 MiB, 135.39 W
2026/09/26 15:16:13.153, NVIDIA GeForce RTX 3090, <REDACTED_GPU_UUID>, 60, 7 %, 22374 MiB, 24576 MiB, 135.24 W
2026/09/26 15:16:14.153, NVIDIA GeForce RTX 3090, <REDACTED_GPU_UUID>, 58, 19 %, 22366 MiB, 24576 MiB, 102.43 W
2026/09/26 15:16:15.153, NVIDIA GeForce RTX 3090, <REDACTED_GPU_UUID>, 58, 21 %, 22350 MiB, 24576 MiB, 49.94 W
2026/09/26 15:16:16.153, NVIDIA GeForce RTX 3090, <REDACTED_GPU_UUID>, 57, 24 %, 22350 MiB, 24576 MiB, 49.05 W
2026/09/26 15:16:17.154, NVIDIA GeForce RTX 3090, <REDACTED_GPU_UUID>, 57, 12 %, 22373 MiB, 24576 MiB, 46.62 W
2026/09/26 15:16:18.154, NVIDIA GeForce RTX 3090, <REDACTED_GPU_UUID>, 56, 13 %, 22375 MiB, 24576 MiB, 43.83 W
2026/09/26 15:16:19.154, NVIDIA GeForce RTX 3090, <REDACTED_GPU_UUID>, 56, 32 %, 22374 MiB, 24576 MiB, 43.40 W
2026/09/26 15:16:20.154, NVIDIA GeForce RTX 3090, <REDACTED_GPU_UUID>, 56, 38 %, 22378 MiB, 24576 MiB, 44.48 W
2026/09/26 15:16:21.155, NVIDIA GeForce RTX 3090, <REDACTED_GPU_UUID>, 55, 24 %, 22385 MiB, 24576 MiB, 46.08 W
2026/09/26 15:16:22.155, NVIDIA GeForce RTX 3090, <REDACTED_GPU_UUID>, 55, 26 %, 22371 MiB, 24576 MiB, 44.24 W
2026/09/26 15:16:23.155, NVIDIA GeForce RTX 3090, <REDACTED_GPU_UUID>, 55, 100 %, 1352 MiB, 24576 MiB, 47.64 W
2026/09/26 15:16:24.155, NVIDIA GeForce RTX 3090, <REDACTED_GPU_UUID>, 58, 9 %, 1597 MiB, 24576 MiB, 140.44 W
2026/09/26 15:16:25.156, NVIDIA GeForce RTX 3090, <REDACTED_GPU_UUID>, 57, 6 %, 1599 MiB, 24576 MiB, 159.28 W
2026/09/26 15:16:26.156, NVIDIA GeForce RTX 3090, <REDACTED_GPU_UUID>, 57, 3 %, 1590 MiB, 24576 MiB, 141.14 W
2026/09/26 15:16:27.156, NVIDIA GeForce RTX 3090, <REDACTED_GPU_UUID>, 57, 5 %, 1589 MiB, 24576 MiB, 131.57 W
2026/09/26 15:16:28.156, NVIDIA GeForce RTX 3090, <REDACTED_GPU_UUID>, 57, 5 %, 1585 MiB, 24576 MiB, 130.92 W
2026/09/26 15:16:29.156, NVIDIA GeForce RTX 3090, <REDACTED_GPU_UUID>, 56, 5 %, 1585 MiB, 24576 MiB, 131.23 W
2026/09/26 15:16:30.157, NVIDIA GeForce RTX 3090, <REDACTED_GPU_UUID>, 56, 5 %, 1585 MiB, 24576 MiB, 130.94 W
2026/09/26 15:16:31.157, NVIDIA GeForce RTX 3090, <REDACTED_GPU_UUID>, 56, 7 %, 1585 MiB, 24576 MiB, 130.88 W
2026/09/26 15:16:32.157, NVIDIA GeForce RTX 3090, <REDACTED_GPU_UUID>, 56, 5 %, 1585 MiB, 24576 MiB, 131.04 W
2026/09/26 15:16:33.157, NVIDIA GeForce RTX 3090, <REDACTED_GPU_UUID>, 56, 5 %, 1585 MiB, 24576 MiB, 130.63 W
2026/09/26 15:16:34.157, NVIDIA GeForce RTX 3090, <REDACTED_GPU_UUID>, 56, 5 %, 1585 MiB, 24576 MiB, 130.32 W
2026/09/26 15:16:35.157, NVIDIA GeForce RTX 3090, <REDACTED_GPU_UUID>, 57, 98 %, 14889 MiB, 24576 MiB, 139.42 W
2026/09/26 15:16:36.158, NVIDIA GeForce RTX 3090, <REDACTED_GPU_UUID>, 61, 84 %, 20319 MiB, 24576 MiB, 197.79 W
2026/09/26 15:16:37.158, NVIDIA GeForce RTX 3090, <REDACTED_GPU_UUID>, 59, 7 %, 20319 MiB, 24576 MiB, 379.81 W
2026/09/26 15:16:38.158, NVIDIA GeForce RTX 3090, <REDACTED_GPU_UUID>, 57, 4 %, 20319 MiB, 24576 MiB, 157.73 W
2026/09/26 15:16:39.158, NVIDIA GeForce RTX 3090, <REDACTED_GPU_UUID>, 57, 7 %, 20319 MiB, 24576 MiB, 149.93 W
2026/09/26 15:16:40.158, NVIDIA GeForce RTX 3090, <REDACTED_GPU_UUID>, 56, 5 %, 20319 MiB, 24576 MiB, 131.18 W
2026/09/26 15:16:41.158, NVIDIA GeForce RTX 3090, <REDACTED_GPU_UUID>, 56, 5 %, 20319 MiB, 24576 MiB, 130.44 W
2026/09/26 15:16:42.158, NVIDIA GeForce RTX 3090, <REDACTED_GPU_UUID>, 56, 5 %, 20319 MiB, 24576 MiB, 130.27 W
2026/09/26 15:16:43.159, NVIDIA GeForce RTX 3090, <REDACTED_GPU_UUID>, 56, 5 %, 20319 MiB, 24576 MiB, 130.27 W
2026/09/26 15:16:44.159, NVIDIA GeForce RTX 3090, <REDACTED_GPU_UUID>, 56, 6 %, 20319 MiB, 24576 MiB, 130.93 W
2026/09/26 15:16:45.159, NVIDIA GeForce RTX 3090, <REDACTED_GPU_UUID>, 56, 6 %, 20351 MiB, 24576 MiB, 131.11 W
2026/09/26 15:16:46.159, NVIDIA GeForce RTX 3090, <REDACTED_GPU_UUID>, 56, 6 %, 20351 MiB, 24576 MiB, 131.05 W
2026/09/26 15:16:47.159, NVIDIA GeForce RTX 3090, <REDACTED_GPU_UUID>, 55, 5 %, 20335 MiB, 24576 MiB, 130.49 W
2026/09/26 15:16:48.159, NVIDIA GeForce RTX 3090, <REDACTED_GPU_UUID>, 55, 8 %, 20353 MiB, 24576 MiB, 130.82 W
2026/09/26 15:16:49.159, NVIDIA GeForce RTX 3090, <REDACTED_GPU_UUID>, 55, 8 %, 20341 MiB, 24576 MiB, 131.01 W
2026/09/26 15:16:50.160, NVIDIA GeForce RTX 3090, <REDACTED_GPU_UUID>, 55, 7 %, 20348 MiB, 24576 MiB, 131.12 W
2026/09/26 15:16:51.160, NVIDIA GeForce RTX 3090, <REDACTED_GPU_UUID>, 55, 7 %, 20348 MiB, 24576 MiB, 131.15 W
2026/09/26 15:16:52.160, NVIDIA GeForce RTX 3090, <REDACTED_GPU_UUID>, 55, 8 %, 20347 MiB, 24576 MiB, 131.21 W
2026/09/26 15:16:53.160, NVIDIA GeForce RTX 3090, <REDACTED_GPU_UUID>, 55, 9 %, 20343 MiB, 24576 MiB, 131.45 W
2026/09/26 15:16:54.160, NVIDIA GeForce RTX 3090, <REDACTED_GPU_UUID>, 53, 29 %, 20371 MiB, 24576 MiB, 100.48 W
2026/09/26 15:16:55.160, NVIDIA GeForce RTX 3090, <REDACTED_GPU_UUID>, 53, 27 %, 20355 MiB, 24576 MiB, 51.79 W
2026/09/26 15:16:56.160, NVIDIA GeForce RTX 3090, <REDACTED_GPU_UUID>, 52, 30 %, 20339 MiB, 24576 MiB, 48.44 W
2026/09/26 15:16:57.161, NVIDIA GeForce RTX 3090, <REDACTED_GPU_UUID>, 52, 35 %, 20341 MiB, 24576 MiB, 48.18 W
2026/09/26 15:16:58.161, NVIDIA GeForce RTX 3090, <REDACTED_GPU_UUID>, 52, 25 %, 20343 MiB, 24576 MiB, 54.31 W
2026/09/26 15:16:59.161, NVIDIA GeForce RTX 3090, <REDACTED_GPU_UUID>, 53, 21 %, 20343 MiB, 24576 MiB, 89.40 W
2026/09/26 15:17:00.161, NVIDIA GeForce RTX 3090, <REDACTED_GPU_UUID>, 52, 25 %, 20344 MiB, 24576 MiB, 83.91 W
2026/09/26 15:17:01.161, NVIDIA GeForce RTX 3090, <REDACTED_GPU_UUID>, 52, 45 %, 20340 MiB, 24576 MiB, 75.09 W
2026/09/26 15:17:02.161, NVIDIA GeForce RTX 3090, <REDACTED_GPU_UUID>, 52, 6 %, 20396 MiB, 24576 MiB, 81.44 W
2026/09/26 15:17:03.161, NVIDIA GeForce RTX 3090, <REDACTED_GPU_UUID>, 54, 7 %, 1649 MiB, 24576 MiB, 120.49 W
2026/09/26 15:17:04.163, NVIDIA GeForce RTX 3090, <REDACTED_GPU_UUID>, 54, 2 %, 1626 MiB, 24576 MiB, 156.04 W
2026/09/26 15:17:05.163, NVIDIA GeForce RTX 3090, <REDACTED_GPU_UUID>, 54, 6 %, 1620 MiB, 24576 MiB, 145.81 W
2026/09/26 15:17:06.163, NVIDIA GeForce RTX 3090, <REDACTED_GPU_UUID>, 54, 3 %, 1616 MiB, 24576 MiB, 128.66 W
2026/09/26 15:17:07.164, NVIDIA GeForce RTX 3090, <REDACTED_GPU_UUID>, 54, 3 %, 1573 MiB, 24576 MiB, 128.68 W
2026/09/26 15:17:08.164, NVIDIA GeForce RTX 3090, <REDACTED_GPU_UUID>, 54, 5 %, 1562 MiB, 24576 MiB, 128.89 W
2026/09/26 15:17:09.164, NVIDIA GeForce RTX 3090, <REDACTED_GPU_UUID>, 54, 0 %, 1607 MiB, 24576 MiB, 128.67 W
2026/09/26 15:17:10.164, NVIDIA GeForce RTX 3090, <REDACTED_GPU_UUID>, 54, 0 %, 1609 MiB, 24576 MiB, 130.44 W
2026/09/26 15:17:11.164, NVIDIA GeForce RTX 3090, <REDACTED_GPU_UUID>, 55, 0 %, 1607 MiB, 24576 MiB, 126.87 W
2026/09/26 15:17:12.165, NVIDIA GeForce RTX 3090, <REDACTED_GPU_UUID>, 55, 2 %, 13643 MiB, 24576 MiB, 126.83 W
2026/09/26 15:17:13.165, NVIDIA GeForce RTX 3090, <REDACTED_GPU_UUID>, 56, 96 %, 14707 MiB, 24576 MiB, 146.18 W
2026/09/26 15:17:14.165, NVIDIA GeForce RTX 3090, <REDACTED_GPU_UUID>, 60, 91 %, 14763 MiB, 24576 MiB, 207.00 W
2026/09/26 15:17:15.165, NVIDIA GeForce RTX 3090, <REDACTED_GPU_UUID>, 57, 3 %, 14735 MiB, 24576 MiB, 314.53 W
2026/09/26 15:17:16.165, NVIDIA GeForce RTX 3090, <REDACTED_GPU_UUID>, 57, 0 %, 14735 MiB, 24576 MiB, 152.30 W
2026/09/26 15:17:17.165, NVIDIA GeForce RTX 3090, <REDACTED_GPU_UUID>, 56, 2 %, 14758 MiB, 24576 MiB, 137.32 W
2026/09/26 15:17:18.166, NVIDIA GeForce RTX 3090, <REDACTED_GPU_UUID>, 56, 1 %, 14785 MiB, 24576 MiB, 129.26 W
2026/09/26 15:17:19.166, NVIDIA GeForce RTX 3090, <REDACTED_GPU_UUID>, 57, 1 %, 14785 MiB, 24576 MiB, 128.35 W
2026/09/26 15:17:20.166, NVIDIA GeForce RTX 3090, <REDACTED_GPU_UUID>, 57, 1 %, 14764 MiB, 24576 MiB, 128.17 W
2026/09/26 15:17:21.166, NVIDIA GeForce RTX 3090, <REDACTED_GPU_UUID>, 57, 3 %, 14789 MiB, 24576 MiB, 128.90 W
2026/09/26 15:17:22.166, NVIDIA GeForce RTX 3090, <REDACTED_GPU_UUID>, 57, 3 %, 14789 MiB, 24576 MiB, 129.32 W
2026/09/26 15:17:23.166, NVIDIA GeForce RTX 3090, <REDACTED_GPU_UUID>, 57, 3 %, 14775 MiB, 24576 MiB, 129.48 W
2026/09/26 15:17:24.166, NVIDIA GeForce RTX 3090, <REDACTED_GPU_UUID>, 57, 3 %, 14774 MiB, 24576 MiB, 129.51 W
2026/09/26 15:17:25.167, NVIDIA GeForce RTX 3090, <REDACTED_GPU_UUID>, 57, 3 %, 14759 MiB, 24576 MiB, 129.45 W
2026/09/26 15:17:26.167, NVIDIA GeForce RTX 3090, <REDACTED_GPU_UUID>, 57, 3 %, 14767 MiB, 24576 MiB, 129.28 W
2026/09/26 15:17:27.167, NVIDIA GeForce RTX 3090, <REDACTED_GPU_UUID>, 58, 1 %, 14767 MiB, 24576 MiB, 129.15 W
2026/09/26 15:17:28.167, NVIDIA GeForce RTX 3090, <REDACTED_GPU_UUID>, 58, 4 %, 14766 MiB, 24576 MiB, 129.58 W
2026/09/26 15:17:29.167, NVIDIA GeForce RTX 3090, <REDACTED_GPU_UUID>, 58, 4 %, 14775 MiB, 24576 MiB, 130.40 W
2026/09/26 15:17:30.167, NVIDIA GeForce RTX 3090, <REDACTED_GPU_UUID>, 58, 5 %, 14808 MiB, 24576 MiB, 130.67 W
2026/09/26 15:17:31.168, NVIDIA GeForce RTX 3090, <REDACTED_GPU_UUID>, 58, 4 %, 14809 MiB, 24576 MiB, 130.80 W
2026/09/26 15:17:32.168, NVIDIA GeForce RTX 3090, <REDACTED_GPU_UUID>, 57, 10 %, 14794 MiB, 24576 MiB, 99.99 W
2026/09/26 15:17:33.168, NVIDIA GeForce RTX 3090, <REDACTED_GPU_UUID>, 56, 15 %, 14779 MiB, 24576 MiB, 50.76 W
2026/09/26 15:17:34.168, NVIDIA GeForce RTX 3090, <REDACTED_GPU_UUID>, 56, 16 %, 14772 MiB, 24576 MiB, 48.64 W
2026/09/26 15:17:35.168, NVIDIA GeForce RTX 3090, <REDACTED_GPU_UUID>, 56, 0 %, 14774 MiB, 24576 MiB, 41.42 W
2026/09/26 15:17:36.168, NVIDIA GeForce RTX 3090, <REDACTED_GPU_UUID>, 56, 3 %, 14779 MiB, 24576 MiB, 36.21 W
2026/09/26 15:17:37.168, NVIDIA GeForce RTX 3090, <REDACTED_GPU_UUID>, 56, 15 %, 14784 MiB, 24576 MiB, 39.57 W
2026/09/26 15:17:38.169, NVIDIA GeForce RTX 3090, <REDACTED_GPU_UUID>, 56, 2 %, 14776 MiB, 24576 MiB, 39.28 W
2026/09/26 15:17:39.169, NVIDIA GeForce RTX 3090, <REDACTED_GPU_UUID>, 56, 4 %, 14770 MiB, 24576 MiB, 36.23 W
2026/09/26 15:17:40.169, NVIDIA GeForce RTX 3090, <REDACTED_GPU_UUID>, 58, 41 %, 1367 MiB, 24576 MiB, 69.81 W
2026/09/26 15:17:41.169, NVIDIA GeForce RTX 3090, <REDACTED_GPU_UUID>, 59, 0 %, 1632 MiB, 24576 MiB, 158.98 W
2026/09/26 15:17:42.169, NVIDIA GeForce RTX 3090, <REDACTED_GPU_UUID>, 58, 11 %, 4452 MiB, 24576 MiB, 148.25 W
2026/09/26 15:17:43.170, NVIDIA GeForce RTX 3090, <REDACTED_GPU_UUID>, 59, 6 %, 6385 MiB, 24576 MiB, 143.26 W
2026/09/26 15:17:44.170, NVIDIA GeForce RTX 3090, <REDACTED_GPU_UUID>, 59, 5 %, 6492 MiB, 24576 MiB, 156.79 W
2026/09/26 15:17:45.170, NVIDIA GeForce RTX 3090, <REDACTED_GPU_UUID>, 64, 86 %, 6492 MiB, 24576 MiB, 361.62 W
2026/09/26 15:17:46.170, NVIDIA GeForce RTX 3090, <REDACTED_GPU_UUID>, 61, 0 %, 6492 MiB, 24576 MiB, 179.72 W
2026/09/26 15:17:47.170, NVIDIA GeForce RTX 3090, <REDACTED_GPU_UUID>, 60, 0 %, 6492 MiB, 24576 MiB, 154.05 W
2026/09/26 15:17:48.170, NVIDIA GeForce RTX 3090, <REDACTED_GPU_UUID>, 60, 3 %, 6494 MiB, 24576 MiB, 131.51 W
2026/09/26 15:17:49.171, NVIDIA GeForce RTX 3090, <REDACTED_GPU_UUID>, 60, 4 %, 6510 MiB, 24576 MiB, 131.67 W
2026/09/26 15:17:50.171, NVIDIA GeForce RTX 3090, <REDACTED_GPU_UUID>, 60, 1 %, 6514 MiB, 24576 MiB, 130.79 W
2026/09/26 15:17:51.171, NVIDIA GeForce RTX 3090, <REDACTED_GPU_UUID>, 60, 1 %, 6500 MiB, 24576 MiB, 131.07 W
2026/09/26 15:17:52.171, NVIDIA GeForce RTX 3090, <REDACTED_GPU_UUID>, 61, 0 %, 6498 MiB, 24576 MiB, 130.62 W
2026/09/26 15:17:53.171, NVIDIA GeForce RTX 3090, <REDACTED_GPU_UUID>, 61, 0 %, 6523 MiB, 24576 MiB, 130.64 W
2026/09/26 15:17:54.171, NVIDIA GeForce RTX 3090, <REDACTED_GPU_UUID>, 61, 0 %, 6519 MiB, 24576 MiB, 130.87 W
2026/09/26 15:17:55.172, NVIDIA GeForce RTX 3090, <REDACTED_GPU_UUID>, 61, 4 %, 6521 MiB, 24576 MiB, 131.23 W
2026/09/26 15:17:56.172, NVIDIA GeForce RTX 3090, <REDACTED_GPU_UUID>, 61, 3 %, 6517 MiB, 24576 MiB, 132.15 W
2026/09/26 15:17:57.172, NVIDIA GeForce RTX 3090, <REDACTED_GPU_UUID>, 61, 3 %, 6501 MiB, 24576 MiB, 131.91 W
2026/09/26 15:17:58.172, NVIDIA GeForce RTX 3090, <REDACTED_GPU_UUID>, 61, 3 %, 6497 MiB, 24576 MiB, 132.03 W
2026/09/26 15:17:59.172, NVIDIA GeForce RTX 3090, <REDACTED_GPU_UUID>, 61, 3 %, 6497 MiB, 24576 MiB, 132.27 W
2026/09/26 15:18:00.172, NVIDIA GeForce RTX 3090, <REDACTED_GPU_UUID>, 61, 4 %, 6513 MiB, 24576 MiB, 132.64 W
2026/09/26 15:18:01.173, NVIDIA GeForce RTX 3090, <REDACTED_GPU_UUID>, 62, 3 %, 6518 MiB, 24576 MiB, 132.95 W
2026/09/26 15:18:02.173, NVIDIA GeForce RTX 3090, <REDACTED_GPU_UUID>, 60, 13 %, 6520 MiB, 24576 MiB, 103.20 W
2026/09/26 15:18:03.173, NVIDIA GeForce RTX 3090, <REDACTED_GPU_UUID>, 60, 26 %, 6516 MiB, 24576 MiB, 52.34 W
2026/09/26 15:18:04.173, NVIDIA GeForce RTX 3090, <REDACTED_GPU_UUID>, 60, 20 %, 6512 MiB, 24576 MiB, 48.79 W
2026/09/26 15:18:05.173, NVIDIA GeForce RTX 3090, <REDACTED_GPU_UUID>, 59, 0 %, 6515 MiB, 24576 MiB, 42.21 W
2026/09/26 15:18:06.173, NVIDIA GeForce RTX 3090, <REDACTED_GPU_UUID>, 59, 0 %, 6537 MiB, 24576 MiB, 36.96 W
2026/09/26 15:18:07.174, NVIDIA GeForce RTX 3090, <REDACTED_GPU_UUID>, 59, 0 %, 6547 MiB, 24576 MiB, 39.34 W
2026/09/26 15:18:08.174, NVIDIA GeForce RTX 3090, <REDACTED_GPU_UUID>, 59, 21 %, 6547 MiB, 24576 MiB, 42.25 W
2026/09/26 15:18:09.174, NVIDIA GeForce RTX 3090, <REDACTED_GPU_UUID>, 59, 18 %, 6524 MiB, 24576 MiB, 43.99 W
2026/09/26 15:18:10.174, NVIDIA GeForce RTX 3090, <REDACTED_GPU_UUID>, 59, 18 %, 6517 MiB, 24576 MiB, 43.22 W
2026/09/26 15:18:11.174, NVIDIA GeForce RTX 3090, <REDACTED_GPU_UUID>, 59, 18 %, 6506 MiB, 24576 MiB, 44.24 W
2026/09/26 15:18:12.174, NVIDIA GeForce RTX 3090, <REDACTED_GPU_UUID>, 59, 17 %, 6499 MiB, 24576 MiB, 43.69 W
2026/09/26 15:18:13.174, NVIDIA GeForce RTX 3090, <REDACTED_GPU_UUID>, 59, 17 %, 6499 MiB, 24576 MiB, 48.03 W
2026/09/26 15:18:14.175, NVIDIA GeForce RTX 3090, <REDACTED_GPU_UUID>, 59, 21 %, 6503 MiB, 24576 MiB, 45.85 W
2026/09/26 15:18:15.175, NVIDIA GeForce RTX 3090, <REDACTED_GPU_UUID>, 59, 26 %, 6512 MiB, 24576 MiB, 44.57 W
2026/09/26 15:18:16.175, NVIDIA GeForce RTX 3090, <REDACTED_GPU_UUID>, 59, 22 %, 6534 MiB, 24576 MiB, 43.78 W
2026/09/26 15:18:17.175, NVIDIA GeForce RTX 3090, <REDACTED_GPU_UUID>, 59, 22 %, 6519 MiB, 24576 MiB, 44.29 W
2026/09/26 15:18:18.175, NVIDIA GeForce RTX 3090, <REDACTED_GPU_UUID>, 59, 21 %, 6509 MiB, 24576 MiB, 45.46 W
2026/09/26 15:18:19.175, NVIDIA GeForce RTX 3090, <REDACTED_GPU_UUID>, 59, 17 %, 6526 MiB, 24576 MiB, 44.57 W
2026/09/26 15:18:20.175, NVIDIA GeForce RTX 3090, <REDACTED_GPU_UUID>, 59, 11 %, 6513 MiB, 24576 MiB, 40.09 W
2026/09/26 15:18:21.175, NVIDIA GeForce RTX 3090, <REDACTED_GPU_UUID>, 59, 22 %, 6523 MiB, 24576 MiB, 40.39 W
2026/09/26 15:18:22.176, NVIDIA GeForce RTX 3090, <REDACTED_GPU_UUID>, 59, 6 %, 6510 MiB, 24576 MiB, 39.46 W
2026/09/26 15:18:23.176, NVIDIA GeForce RTX 3090, <REDACTED_GPU_UUID>, 59, 6 %, 6508 MiB, 24576 MiB, 37.29 W
2026/09/26 15:18:24.176, NVIDIA GeForce RTX 3090, <REDACTED_GPU_UUID>, 59, 7 %, 6500 MiB, 24576 MiB, 36.53 W
2026/09/26 15:18:25.176, NVIDIA GeForce RTX 3090, <REDACTED_GPU_UUID>, 59, 10 %, 6501 MiB, 24576 MiB, 38.89 W
2026/09/26 15:18:26.176, NVIDIA GeForce RTX 3090, <REDACTED_GPU_UUID>, 59, 12 %, 6527 MiB, 24576 MiB, 42.92 W
2026/09/26 15:18:27.176, NVIDIA GeForce RTX 3090, <REDACTED_GPU_UUID>, 59, 10 %, 6526 MiB, 24576 MiB, 39.13 W
2026/09/26 15:18:28.177, NVIDIA GeForce RTX 3090, <REDACTED_GPU_UUID>, 59, 4 %, 6510 MiB, 24576 MiB, 39.69 W
2026/09/26 15:18:29.177, NVIDIA GeForce RTX 3090, <REDACTED_GPU_UUID>, 59, 17 %, 6531 MiB, 24576 MiB, 41.08 W
2026/09/26 15:18:30.177, NVIDIA GeForce RTX 3090, <REDACTED_GPU_UUID>, 59, 24 %, 6506 MiB, 24576 MiB, 43.41 W
2026/09/26 15:18:31.177, NVIDIA GeForce RTX 3090, <REDACTED_GPU_UUID>, 59, 23 %, 6516 MiB, 24576 MiB, 43.49 W
2026/09/26 15:18:32.177, NVIDIA GeForce RTX 3090, <REDACTED_GPU_UUID>, 59, 22 %, 6516 MiB, 24576 MiB, 43.56 W
2026/09/26 15:18:33.177, NVIDIA GeForce RTX 3090, <REDACTED_GPU_UUID>, 59, 16 %, 6507 MiB, 24576 MiB, 43.72 W
2026/09/26 15:18:34.177, NVIDIA GeForce RTX 3090, <REDACTED_GPU_UUID>, 59, 38 %, 6517 MiB, 24576 MiB, 44.45 W
2026/09/26 15:18:35.178, NVIDIA GeForce RTX 3090, <REDACTED_GPU_UUID>, 59, 31 %, 6508 MiB, 24576 MiB, 44.98 W
2026/09/26 15:18:36.178, NVIDIA GeForce RTX 3090, <REDACTED_GPU_UUID>, 59, 29 %, 6539 MiB, 24576 MiB, 44.91 W
2026/09/26 15:18:37.178, NVIDIA GeForce RTX 3090, <REDACTED_GPU_UUID>, 59, 28 %, 6527 MiB, 24576 MiB, 44.49 W
2026/09/26 15:18:38.178, NVIDIA GeForce RTX 3090, <REDACTED_GPU_UUID>, 59, 28 %, 6507 MiB, 24576 MiB, 44.51 W
2026/09/26 15:18:39.178, NVIDIA GeForce RTX 3090, <REDACTED_GPU_UUID>, 59, 27 %, 6501 MiB, 24576 MiB, 43.62 W
2026/09/26 15:18:40.178, NVIDIA GeForce RTX 3090, <REDACTED_GPU_UUID>, 59, 23 %, 6500 MiB, 24576 MiB, 43.21 W
2026/09/26 15:18:41.179, NVIDIA GeForce RTX 3090, <REDACTED_GPU_UUID>, 59, 23 %, 6507 MiB, 24576 MiB, 43.65 W
2026/09/26 15:18:42.179, NVIDIA GeForce RTX 3090, <REDACTED_GPU_UUID>, 59, 27 %, 6507 MiB, 24576 MiB, 38.57 W
2026/09/26 15:18:43.179, NVIDIA GeForce RTX 3090, <REDACTED_GPU_UUID>, 59, 8 %, 6504 MiB, 24576 MiB, 39.51 W
2026/09/26 15:18:44.179, NVIDIA GeForce RTX 3090, <REDACTED_GPU_UUID>, 59, 21 %, 6512 MiB, 24576 MiB, 38.47 W
2026/09/26 15:18:45.179, NVIDIA GeForce RTX 3090, <REDACTED_GPU_UUID>, 59, 6 %, 6507 MiB, 24576 MiB, 41.08 W
2026/09/26 15:18:46.179, NVIDIA GeForce RTX 3090, <REDACTED_GPU_UUID>, 59, 28 %, 6505 MiB, 24576 MiB, 37.94 W
2026/09/26 15:18:47.179, NVIDIA GeForce RTX 3090, <REDACTED_GPU_UUID>, 59, 22 %, 6500 MiB, 24576 MiB, 41.08 W
2026/09/26 15:18:48.180, NVIDIA GeForce RTX 3090, <REDACTED_GPU_UUID>, 59, 22 %, 6501 MiB, 24576 MiB, 42.63 W
2026/09/26 15:18:49.180, NVIDIA GeForce RTX 3090, <REDACTED_GPU_UUID>, 59, 7 %, 6498 MiB, 24576 MiB, 38.81 W
2026/09/26 15:18:50.180, NVIDIA GeForce RTX 3090, <REDACTED_GPU_UUID>, 58, 10 %, 6498 MiB, 24576 MiB, 36.78 W
2026/09/26 15:18:51.180, NVIDIA GeForce RTX 3090, <REDACTED_GPU_UUID>, 59, 9 %, 6496 MiB, 24576 MiB, 36.73 W
2026/09/26 15:18:52.180, NVIDIA GeForce RTX 3090, <REDACTED_GPU_UUID>, 59, 29 %, 6498 MiB, 24576 MiB, 40.74 W
2026/09/26 15:18:53.180, NVIDIA GeForce RTX 3090, <REDACTED_GPU_UUID>, 59, 48 %, 6522 MiB, 24576 MiB, 42.88 W
2026/09/26 15:18:54.181, NVIDIA GeForce RTX 3090, <REDACTED_GPU_UUID>, 59, 26 %, 6521 MiB, 24576 MiB, 40.51 W
2026/09/26 15:18:55.181, NVIDIA GeForce RTX 3090, <REDACTED_GPU_UUID>, 59, 10 %, 6506 MiB, 24576 MiB, 41.63 W
2026/09/26 15:18:56.181, NVIDIA GeForce RTX 3090, <REDACTED_GPU_UUID>, 59, 22 %, 6526 MiB, 24576 MiB, 40.81 W
2026/09/26 15:18:57.181, NVIDIA GeForce RTX 3090, <REDACTED_GPU_UUID>, 59, 21 %, 6502 MiB, 24576 MiB, 42.28 W
2026/09/26 15:18:58.181, NVIDIA GeForce RTX 3090, <REDACTED_GPU_UUID>, 59, 22 %, 6511 MiB, 24576 MiB, 42.65 W
2026/09/26 15:18:59.181, NVIDIA GeForce RTX 3090, <REDACTED_GPU_UUID>, 59, 24 %, 6511 MiB, 24576 MiB, 42.43 W
2026/09/26 15:19:00.181, NVIDIA GeForce RTX 3090, <REDACTED_GPU_UUID>, 59, 30 %, 6514 MiB, 24576 MiB, 43.51 W
2026/09/26 15:19:01.181, NVIDIA GeForce RTX 3090, <REDACTED_GPU_UUID>, 59, 34 %, 6542 MiB, 24576 MiB, 44.83 W
2026/09/26 15:19:02.182, NVIDIA GeForce RTX 3090, <REDACTED_GPU_UUID>, 59, 18 %, 6539 MiB, 24576 MiB, 43.44 W
2026/09/26 15:19:03.182, NVIDIA GeForce RTX 3090, <REDACTED_GPU_UUID>, 59, 19 %, 6523 MiB, 24576 MiB, 42.32 W
2026/09/26 15:19:04.182, NVIDIA GeForce RTX 3090, <REDACTED_GPU_UUID>, 59, 27 %, 6513 MiB, 24576 MiB, 42.05 W
2026/09/26 15:19:05.182, NVIDIA GeForce RTX 3090, <REDACTED_GPU_UUID>, 59, 28 %, 6516 MiB, 24576 MiB, 43.60 W
2026/09/26 15:19:06.182, NVIDIA GeForce RTX 3090, <REDACTED_GPU_UUID>, 59, 16 %, 6511 MiB, 24576 MiB, 43.66 W
2026/09/26 15:19:07.182, NVIDIA GeForce RTX 3090, <REDACTED_GPU_UUID>, 59, 31 %, 6511 MiB, 24576 MiB, 43.63 W
2026/09/26 15:19:08.182, NVIDIA GeForce RTX 3090, <REDACTED_GPU_UUID>, 59, 23 %, 6511 MiB, 24576 MiB, 41.19 W
2026/09/26 15:19:09.183, NVIDIA GeForce RTX 3090, <REDACTED_GPU_UUID>, 59, 9 %, 6507 MiB, 24576 MiB, 38.04 W
2026/09/26 15:19:10.183, NVIDIA GeForce RTX 3090, <REDACTED_GPU_UUID>, 58, 6 %, 6503 MiB, 24576 MiB, 36.35 W
2026/09/26 15:19:11.183, NVIDIA GeForce RTX 3090, <REDACTED_GPU_UUID>, 58, 7 %, 6512 MiB, 24576 MiB, 37.14 W
2026/09/26 15:19:12.183, NVIDIA GeForce RTX 3090, <REDACTED_GPU_UUID>, 59, 23 %, 6508 MiB, 24576 MiB, 41.91 W
2026/09/26 15:19:13.183, NVIDIA GeForce RTX 3090, <REDACTED_GPU_UUID>, 58, 6 %, 6504 MiB, 24576 MiB, 40.27 W
2026/09/26 15:19:14.183, NVIDIA GeForce RTX 3090, <REDACTED_GPU_UUID>, 58, 6 %, 6493 MiB, 24576 MiB, 36.94 W
2026/09/26 15:19:15.183, NVIDIA GeForce RTX 3090, <REDACTED_GPU_UUID>, 58, 10 %, 6493 MiB, 24576 MiB, 41.30 W
2026/09/26 15:19:16.184, NVIDIA GeForce RTX 3090, <REDACTED_GPU_UUID>, 58, 7 %, 6493 MiB, 24576 MiB, 36.74 W
2026/09/26 15:19:17.184, NVIDIA GeForce RTX 3090, <REDACTED_GPU_UUID>, 58, 10 %, 6493 MiB, 24576 MiB, 41.01 W
2026/09/26 15:19:18.184, NVIDIA GeForce RTX 3090, <REDACTED_GPU_UUID>, 58, 9 %, 6493 MiB, 24576 MiB, 36.84 W
2026/09/26 15:19:19.184, NVIDIA GeForce RTX 3090, <REDACTED_GPU_UUID>, 59, 100 %, 1355 MiB, 24576 MiB, 40.89 W
2026/09/26 15:19:20.194, NVIDIA GeForce RTX 3090, <REDACTED_GPU_UUID>, 61, 1 %, 1617 MiB, 24576 MiB, 126.21 W
2026/09/26 15:19:21.194, NVIDIA GeForce RTX 3090, <REDACTED_GPU_UUID>, 61, 2 %, 1617 MiB, 24576 MiB, 131.24 W
2026/09/26 15:19:22.194, NVIDIA GeForce RTX 3090, <REDACTED_GPU_UUID>, 61, 1 %, 1617 MiB, 24576 MiB, 131.36 W
2026/09/26 15:19:23.194, NVIDIA GeForce RTX 3090, <REDACTED_GPU_UUID>, 61, 1 %, 1595 MiB, 24576 MiB, 131.23 W
2026/09/26 15:19:24.195, NVIDIA GeForce RTX 3090, <REDACTED_GPU_UUID>, 62, 1 %, 1617 MiB, 24576 MiB, 131.89 W
2026/09/26 15:19:25.195, NVIDIA GeForce RTX 3090, <REDACTED_GPU_UUID>, 62, 1 %, 1617 MiB, 24576 MiB, 131.57 W
2026/09/26 15:19:26.195, NVIDIA GeForce RTX 3090, <REDACTED_GPU_UUID>, 62, 1 %, 1617 MiB, 24576 MiB, 131.69 W
2026/09/26 15:19:27.196, NVIDIA GeForce RTX 3090, <REDACTED_GPU_UUID>, 62, 1 %, 1617 MiB, 24576 MiB, 131.85 W
2026/09/26 15:19:28.196, NVIDIA GeForce RTX 3090, <REDACTED_GPU_UUID>, 62, 56 %, 19143 MiB, 24576 MiB, 132.60 W
2026/09/26 15:19:29.196, NVIDIA GeForce RTX 3090, <REDACTED_GPU_UUID>, 63, 9 %, 19143 MiB, 24576 MiB, 156.96 W
2026/09/26 15:19:30.196, NVIDIA GeForce RTX 3090, <REDACTED_GPU_UUID>, 64, 98 %, 19143 MiB, 24576 MiB, 159.42 W
2026/09/26 15:19:31.196, NVIDIA GeForce RTX 3090, <REDACTED_GPU_UUID>, 68, 90 %, 22391 MiB, 24576 MiB, 227.40 W
2026/09/26 15:19:32.197, NVIDIA GeForce RTX 3090, <REDACTED_GPU_UUID>, 64, 3 %, 22391 MiB, 24576 MiB, 277.66 W
2026/09/26 15:19:33.197, NVIDIA GeForce RTX 3090, <REDACTED_GPU_UUID>, 64, 1 %, 22391 MiB, 24576 MiB, 158.32 W
2026/09/26 15:19:34.197, NVIDIA GeForce RTX 3090, <REDACTED_GPU_UUID>, 63, 3 %, 22391 MiB, 24576 MiB, 141.41 W
2026/09/26 15:19:35.197, NVIDIA GeForce RTX 3090, <REDACTED_GPU_UUID>, 63, 1 %, 22391 MiB, 24576 MiB, 134.73 W
2026/09/26 15:19:36.197, NVIDIA GeForce RTX 3090, <REDACTED_GPU_UUID>, 63, 1 %, 22391 MiB, 24576 MiB, 134.18 W
2026/09/26 15:19:37.198, NVIDIA GeForce RTX 3090, <REDACTED_GPU_UUID>, 63, 1 %, 22391 MiB, 24576 MiB, 133.84 W
2026/09/26 15:19:38.198, NVIDIA GeForce RTX 3090, <REDACTED_GPU_UUID>, 62, 1 %, 22391 MiB, 24576 MiB, 133.71 W
2026/09/26 15:19:39.198, NVIDIA GeForce RTX 3090, <REDACTED_GPU_UUID>, 62, 1 %, 22391 MiB, 24576 MiB, 133.68 W
2026/09/26 15:19:40.198, NVIDIA GeForce RTX 3090, <REDACTED_GPU_UUID>, 62, 1 %, 22391 MiB, 24576 MiB, 133.68 W
2026/09/26 15:19:41.199, NVIDIA GeForce RTX 3090, <REDACTED_GPU_UUID>, 62, 1 %, 22391 MiB, 24576 MiB, 133.65 W
2026/09/26 15:19:42.199, NVIDIA GeForce RTX 3090, <REDACTED_GPU_UUID>, 62, 1 %, 22391 MiB, 24576 MiB, 133.38 W
2026/09/26 15:19:43.199, NVIDIA GeForce RTX 3090, <REDACTED_GPU_UUID>, 61, 1 %, 22391 MiB, 24576 MiB, 133.21 W
2026/09/26 15:19:44.199, NVIDIA GeForce RTX 3090, <REDACTED_GPU_UUID>, 61, 0 %, 22391 MiB, 24576 MiB, 132.95 W
2026/09/26 15:19:45.199, NVIDIA GeForce RTX 3090, <REDACTED_GPU_UUID>, 61, 1 %, 22391 MiB, 24576 MiB, 132.75 W
2026/09/26 15:19:46.199, NVIDIA GeForce RTX 3090, <REDACTED_GPU_UUID>, 61, 1 %, 22391 MiB, 24576 MiB, 132.73 W
2026/09/26 15:19:47.200, NVIDIA GeForce RTX 3090, <REDACTED_GPU_UUID>, 61, 1 %, 22391 MiB, 24576 MiB, 132.48 W
2026/09/26 15:19:48.200, NVIDIA GeForce RTX 3090, <REDACTED_GPU_UUID>, 60, 1 %, 22391 MiB, 24576 MiB, 132.25 W
2026/09/26 15:19:49.200, NVIDIA GeForce RTX 3090, <REDACTED_GPU_UUID>, 58, 3 %, 22391 MiB, 24576 MiB, 96.80 W
2026/09/26 15:19:50.200, NVIDIA GeForce RTX 3090, <REDACTED_GPU_UUID>, 58, 6 %, 22391 MiB, 24576 MiB, 42.65 W
2026/09/26 15:19:51.201, NVIDIA GeForce RTX 3090, <REDACTED_GPU_UUID>, 57, 5 %, 22391 MiB, 24576 MiB, 37.51 W
2026/09/26 15:19:52.201, NVIDIA GeForce RTX 3090, <REDACTED_GPU_UUID>, 57, 6 %, 22391 MiB, 24576 MiB, 37.18 W
2026/09/26 15:19:53.201, NVIDIA GeForce RTX 3090, <REDACTED_GPU_UUID>, 56, 6 %, 22391 MiB, 24576 MiB, 37.22 W
2026/09/26 15:19:54.201, NVIDIA GeForce RTX 3090, <REDACTED_GPU_UUID>, 56, 6 %, 22391 MiB, 24576 MiB, 36.90 W
2026/09/26 15:19:55.201, NVIDIA GeForce RTX 3090, <REDACTED_GPU_UUID>, 56, 7 %, 22391 MiB, 24576 MiB, 36.79 W
2026/09/26 15:19:56.201, NVIDIA GeForce RTX 3090, <REDACTED_GPU_UUID>, 55, 6 %, 22391 MiB, 24576 MiB, 36.83 W
2026/09/26 15:19:57.202, NVIDIA GeForce RTX 3090, <REDACTED_GPU_UUID>, 55, 6 %, 22391 MiB, 24576 MiB, 37.05 W
2026/09/26 15:19:58.202, NVIDIA GeForce RTX 3090, <REDACTED_GPU_UUID>, 55, 6 %, 22388 MiB, 24576 MiB, 37.04 W
2026/09/26 15:19:59.202, NVIDIA GeForce RTX 3090, <REDACTED_GPU_UUID>, 54, 7 %, 22388 MiB, 24576 MiB, 37.33 W
2026/09/26 15:20:00.202, NVIDIA GeForce RTX 3090, <REDACTED_GPU_UUID>, 54, 6 %, 22388 MiB, 24576 MiB, 36.81 W
2026/09/26 15:20:01.202, NVIDIA GeForce RTX 3090, <REDACTED_GPU_UUID>, 54, 7 %, 22388 MiB, 24576 MiB, 36.50 W
2026/09/26 15:20:02.203, NVIDIA GeForce RTX 3090, <REDACTED_GPU_UUID>, 54, 6 %, 22388 MiB, 24576 MiB, 36.31 W
2026/09/26 15:20:03.203, NVIDIA GeForce RTX 3090, <REDACTED_GPU_UUID>, 53, 6 %, 22388 MiB, 24576 MiB, 36.53 W
2026/09/26 15:20:04.203, NVIDIA GeForce RTX 3090, <REDACTED_GPU_UUID>, 53, 9 %, 22388 MiB, 24576 MiB, 36.06 W
2026/09/26 15:20:05.203, NVIDIA GeForce RTX 3090, <REDACTED_GPU_UUID>, 53, 24 %, 22389 MiB, 24576 MiB, 38.62 W
2026/09/26 15:20:06.203, NVIDIA GeForce RTX 3090, <REDACTED_GPU_UUID>, 53, 52 %, 22404 MiB, 24576 MiB, 41.83 W
2026/09/26 15:20:07.203, NVIDIA GeForce RTX 3090, <REDACTED_GPU_UUID>, 52, 21 %, 22422 MiB, 24576 MiB, 39.02 W
2026/09/26 15:20:08.204, NVIDIA GeForce RTX 3090, <REDACTED_GPU_UUID>, 52, 11 %, 22419 MiB, 24576 MiB, 40.55 W
2026/09/26 15:20:09.204, NVIDIA GeForce RTX 3090, <REDACTED_GPU_UUID>, 52, 13 %, 22397 MiB, 24576 MiB, 38.91 W
2026/09/26 15:20:10.204, NVIDIA GeForce RTX 3090, <REDACTED_GPU_UUID>, 51, 6 %, 22402 MiB, 24576 MiB, 39.30 W
2026/09/26 15:20:11.204, NVIDIA GeForce RTX 3090, <REDACTED_GPU_UUID>, 51, 24 %, 22417 MiB, 24576 MiB, 39.82 W
2026/09/26 15:20:12.204, NVIDIA GeForce RTX 3090, <REDACTED_GPU_UUID>, 51, 21 %, 22391 MiB, 24576 MiB, 42.33 W
2026/09/26 15:20:13.204, NVIDIA GeForce RTX 3090, <REDACTED_GPU_UUID>, 51, 21 %, 22392 MiB, 24576 MiB, 42.80 W
2026/09/26 15:20:14.204, NVIDIA GeForce RTX 3090, <REDACTED_GPU_UUID>, 51, 16 %, 22370 MiB, 24576 MiB, 43.06 W
2026/09/26 15:20:15.204, NVIDIA GeForce RTX 3090, <REDACTED_GPU_UUID>, 51, 21 %, 22395 MiB, 24576 MiB, 43.11 W
2026/09/26 15:20:16.205, NVIDIA GeForce RTX 3090, <REDACTED_GPU_UUID>, 51, 22 %, 22381 MiB, 24576 MiB, 40.92 W
2026/09/26 15:20:17.205, NVIDIA GeForce RTX 3090, <REDACTED_GPU_UUID>, 51, 18 %, 22403 MiB, 24576 MiB, 41.07 W
2026/09/26 15:20:18.205, NVIDIA GeForce RTX 3090, <REDACTED_GPU_UUID>, 51, 25 %, 22413 MiB, 24576 MiB, 43.42 W
2026/09/26 15:20:19.205, NVIDIA GeForce RTX 3090, <REDACTED_GPU_UUID>, 51, 25 %, 22412 MiB, 24576 MiB, 44.44 W
2026/09/26 15:20:20.205, NVIDIA GeForce RTX 3090, <REDACTED_GPU_UUID>, 51, 25 %, 22409 MiB, 24576 MiB, 41.83 W
2026/09/26 15:20:21.205, NVIDIA GeForce RTX 3090, <REDACTED_GPU_UUID>, 51, 21 %, 22382 MiB, 24576 MiB, 41.87 W
2026/09/26 15:20:22.205, NVIDIA GeForce RTX 3090, <REDACTED_GPU_UUID>, 51, 26 %, 22409 MiB, 24576 MiB, 42.02 W
2026/09/26 15:20:23.206, NVIDIA GeForce RTX 3090, <REDACTED_GPU_UUID>, 51, 25 %, 22401 MiB, 24576 MiB, 41.87 W
2026/09/26 15:20:24.206, NVIDIA GeForce RTX 3090, <REDACTED_GPU_UUID>, 51, 24 %, 22395 MiB, 24576 MiB, 41.67 W
2026/09/26 15:20:25.206, NVIDIA GeForce RTX 3090, <REDACTED_GPU_UUID>, 51, 8 %, 22414 MiB, 24576 MiB, 39.90 W
2026/09/26 15:20:26.206, NVIDIA GeForce RTX 3090, <REDACTED_GPU_UUID>, 51, 13 %, 22421 MiB, 24576 MiB, 38.77 W
2026/09/26 15:20:27.206, NVIDIA GeForce RTX 3090, <REDACTED_GPU_UUID>, 51, 6 %, 22405 MiB, 24576 MiB, 36.78 W
2026/09/26 15:20:28.206, NVIDIA GeForce RTX 3090, <REDACTED_GPU_UUID>, 51, 6 %, 1367 MiB, 24576 MiB, 35.83 W
2026/09/26 15:20:29.208, NVIDIA GeForce RTX 3090, <REDACTED_GPU_UUID>, 54, 1 %, 1632 MiB, 24576 MiB, 101.65 W
2026/09/26 15:20:30.208, NVIDIA GeForce RTX 3090, <REDACTED_GPU_UUID>, 54, 4 %, 1631 MiB, 24576 MiB, 152.24 W
2026/09/26 15:20:31.208, NVIDIA GeForce RTX 3090, <REDACTED_GPU_UUID>, 54, 4 %, 1631 MiB, 24576 MiB, 142.12 W
2026/09/26 15:20:32.208, NVIDIA GeForce RTX 3090, <REDACTED_GPU_UUID>, 54, 1 %, 1623 MiB, 24576 MiB, 126.43 W
2026/09/26 15:20:33.209, NVIDIA GeForce RTX 3090, <REDACTED_GPU_UUID>, 54, 1 %, 1618 MiB, 24576 MiB, 126.34 W
2026/09/26 15:20:34.209, NVIDIA GeForce RTX 3090, <REDACTED_GPU_UUID>, 55, 1 %, 1617 MiB, 24576 MiB, 126.54 W
2026/09/26 15:20:35.209, NVIDIA GeForce RTX 3090, <REDACTED_GPU_UUID>, 55, 1 %, 1614 MiB, 24576 MiB, 126.60 W
2026/09/26 15:20:36.209, NVIDIA GeForce RTX 3090, <REDACTED_GPU_UUID>, 55, 50 %, 14914 MiB, 24576 MiB, 127.11 W
2026/09/26 15:20:37.209, NVIDIA GeForce RTX 3090, <REDACTED_GPU_UUID>, 56, 81 %, 14943 MiB, 24576 MiB, 147.95 W
2026/09/26 15:20:38.209, NVIDIA GeForce RTX 3090, <REDACTED_GPU_UUID>, 61, 94 %, 20365 MiB, 24576 MiB, 248.92 W
2026/09/26 15:20:39.210, NVIDIA GeForce RTX 3090, <REDACTED_GPU_UUID>, 58, 3 %, 20353 MiB, 24576 MiB, 315.08 W
2026/09/26 15:20:40.210, NVIDIA GeForce RTX 3090, <REDACTED_GPU_UUID>, 57, 1 %, 20329 MiB, 24576 MiB, 151.72 W
2026/09/26 15:20:41.210, NVIDIA GeForce RTX 3090, <REDACTED_GPU_UUID>, 57, 3 %, 20329 MiB, 24576 MiB, 139.25 W
2026/09/26 15:20:42.210, NVIDIA GeForce RTX 3090, <REDACTED_GPU_UUID>, 57, 1 %, 20338 MiB, 24576 MiB, 128.67 W
2026/09/26 15:20:43.210, NVIDIA GeForce RTX 3090, <REDACTED_GPU_UUID>, 57, 1 %, 20347 MiB, 24576 MiB, 128.59 W
2026/09/26 15:20:44.210, NVIDIA GeForce RTX 3090, <REDACTED_GPU_UUID>, 57, 0 %, 20321 MiB, 24576 MiB, 128.64 W
2026/09/26 15:20:45.211, NVIDIA GeForce RTX 3090, <REDACTED_GPU_UUID>, 57, 0 %, 20342 MiB, 24576 MiB, 128.79 W
2026/09/26 15:20:46.211, NVIDIA GeForce RTX 3090, <REDACTED_GPU_UUID>, 57, 4 %, 20346 MiB, 24576 MiB, 130.14 W
2026/09/26 15:20:47.211, NVIDIA GeForce RTX 3090, <REDACTED_GPU_UUID>, 57, 3 %, 20334 MiB, 24576 MiB, 130.11 W
2026/09/26 15:20:48.211, NVIDIA GeForce RTX 3090, <REDACTED_GPU_UUID>, 58, 12 %, 20388 MiB, 24576 MiB, 131.42 W
2026/09/26 15:20:49.211, NVIDIA GeForce RTX 3090, <REDACTED_GPU_UUID>, 58, 5 %, 20386 MiB, 24576 MiB, 131.04 W
2026/09/26 15:20:50.211, NVIDIA GeForce RTX 3090, <REDACTED_GPU_UUID>, 58, 3 %, 20377 MiB, 24576 MiB, 130.09 W
2026/09/26 15:20:51.211, NVIDIA GeForce RTX 3090, <REDACTED_GPU_UUID>, 58, 4 %, 20371 MiB, 24576 MiB, 130.48 W
2026/09/26 15:20:52.212, NVIDIA GeForce RTX 3090, <REDACTED_GPU_UUID>, 58, 3 %, 20370 MiB, 24576 MiB, 130.31 W
2026/09/26 15:20:53.212, NVIDIA GeForce RTX 3090, <REDACTED_GPU_UUID>, 58, 3 %, 20365 MiB, 24576 MiB, 130.19 W
2026/09/26 15:20:54.212, NVIDIA GeForce RTX 3090, <REDACTED_GPU_UUID>, 58, 3 %, 20366 MiB, 24576 MiB, 130.37 W
2026/09/26 15:20:55.212, NVIDIA GeForce RTX 3090, <REDACTED_GPU_UUID>, 58, 4 %, 20363 MiB, 24576 MiB, 130.89 W
2026/09/26 15:20:56.212, NVIDIA GeForce RTX 3090, <REDACTED_GPU_UUID>, 57, 10 %, 20368 MiB, 24576 MiB, 99.68 W
2026/09/26 15:20:57.212, NVIDIA GeForce RTX 3090, <REDACTED_GPU_UUID>, 57, 16 %, 20368 MiB, 24576 MiB, 48.32 W
2026/09/26 15:20:58.212, NVIDIA GeForce RTX 3090, <REDACTED_GPU_UUID>, 56, 21 %, 20389 MiB, 24576 MiB, 43.55 W
2026/09/26 15:20:59.213, NVIDIA GeForce RTX 3090, <REDACTED_GPU_UUID>, 56, 25 %, 20393 MiB, 24576 MiB, 44.64 W
2026/09/26 15:21:00.213, NVIDIA GeForce RTX 3090, <REDACTED_GPU_UUID>, 56, 20 %, 20360 MiB, 24576 MiB, 43.77 W
2026/09/26 15:21:01.213, NVIDIA GeForce RTX 3090, <REDACTED_GPU_UUID>, 56, 22 %, 20357 MiB, 24576 MiB, 42.92 W
2026/09/26 15:21:02.213, NVIDIA GeForce RTX 3090, <REDACTED_GPU_UUID>, 56, 22 %, 20357 MiB, 24576 MiB, 42.88 W
2026/09/26 15:21:03.213, NVIDIA GeForce RTX 3090, <REDACTED_GPU_UUID>, 56, 23 %, 20361 MiB, 24576 MiB, 43.17 W
2026/09/26 15:21:04.213, NVIDIA GeForce RTX 3090, <REDACTED_GPU_UUID>, 56, 20 %, 20359 MiB, 24576 MiB, 43.24 W
2026/09/26 15:21:05.213, NVIDIA GeForce RTX 3090, <REDACTED_GPU_UUID>, 56, 6 %, 20358 MiB, 24576 MiB, 41.85 W
2026/09/26 15:21:06.213, NVIDIA GeForce RTX 3090, <REDACTED_GPU_UUID>, 56, 11 %, 20354 MiB, 24576 MiB, 39.76 W
2026/09/26 15:21:07.214, NVIDIA GeForce RTX 3090, <REDACTED_GPU_UUID>, 56, 7 %, 20348 MiB, 24576 MiB, 39.40 W
2026/09/26 15:21:08.214, NVIDIA GeForce RTX 3090, <REDACTED_GPU_UUID>, 56, 7 %, 20409 MiB, 24576 MiB, 40.91 W
2026/09/26 15:21:09.214, NVIDIA GeForce RTX 3090, <REDACTED_GPU_UUID>, 56, 8 %, 20406 MiB, 24576 MiB, 39.29 W
2026/09/26 15:21:10.214, NVIDIA GeForce RTX 3090, <REDACTED_GPU_UUID>, 56, 6 %, 20376 MiB, 24576 MiB, 39.57 W
2026/09/26 15:21:11.214, NVIDIA GeForce RTX 3090, <REDACTED_GPU_UUID>, 56, 22 %, 20376 MiB, 24576 MiB, 41.39 W
2026/09/26 15:21:12.214, NVIDIA GeForce RTX 3090, <REDACTED_GPU_UUID>, 56, 3 %, 20388 MiB, 24576 MiB, 36.81 W
2026/09/26 15:21:13.214, NVIDIA GeForce RTX 3090, <REDACTED_GPU_UUID>, 56, 0 %, 20390 MiB, 24576 MiB, 36.24 W
2026/09/26 15:21:14.214, NVIDIA GeForce RTX 3090, <REDACTED_GPU_UUID>, 56, 18 %, 20369 MiB, 24576 MiB, 42.83 W
2026/09/26 15:21:15.215, NVIDIA GeForce RTX 3090, <REDACTED_GPU_UUID>, 56, 18 %, 20366 MiB, 24576 MiB, 43.01 W
2026/09/26 15:21:16.215, NVIDIA GeForce RTX 3090, <REDACTED_GPU_UUID>, 56, 17 %, 20352 MiB, 24576 MiB, 42.55 W
2026/09/26 15:21:17.215, NVIDIA GeForce RTX 3090, <REDACTED_GPU_UUID>, 56, 18 %, 20376 MiB, 24576 MiB, 43.22 W
2026/09/26 15:21:18.215, NVIDIA GeForce RTX 3090, <REDACTED_GPU_UUID>, 56, 19 %, 20371 MiB, 24576 MiB, 42.89 W
2026/09/26 15:21:19.215, NVIDIA GeForce RTX 3090, <REDACTED_GPU_UUID>, 56, 24 %, 20373 MiB, 24576 MiB, 43.67 W
2026/09/26 15:21:20.215, NVIDIA GeForce RTX 3090, <REDACTED_GPU_UUID>, 56, 22 %, 20376 MiB, 24576 MiB, 42.12 W
2026/09/26 15:21:21.215, NVIDIA GeForce RTX 3090, <REDACTED_GPU_UUID>, 56, 29 %, 20407 MiB, 24576 MiB, 44.02 W
2026/09/26 15:21:22.215, NVIDIA GeForce RTX 3090, <REDACTED_GPU_UUID>, 56, 28 %, 20392 MiB, 24576 MiB, 43.87 W
2026/09/26 15:21:23.216, NVIDIA GeForce RTX 3090, <REDACTED_GPU_UUID>, 56, 23 %, 20374 MiB, 24576 MiB, 43.46 W
2026/09/26 15:21:24.216, NVIDIA GeForce RTX 3090, <REDACTED_GPU_UUID>, 56, 23 %, 20378 MiB, 24576 MiB, 43.77 W
2026/09/26 15:21:25.216, NVIDIA GeForce RTX 3090, <REDACTED_GPU_UUID>, 56, 18 %, 20381 MiB, 24576 MiB, 43.50 W
2026/09/26 15:21:26.216, NVIDIA GeForce RTX 3090, <REDACTED_GPU_UUID>, 56, 16 %, 20381 MiB, 24576 MiB, 40.13 W
2026/09/26 15:21:27.216, NVIDIA GeForce RTX 3090, <REDACTED_GPU_UUID>, 56, 4 %, 20375 MiB, 24576 MiB, 39.28 W
2026/09/26 15:21:28.216, NVIDIA GeForce RTX 3090, <REDACTED_GPU_UUID>, 56, 7 %, 20370 MiB, 24576 MiB, 39.22 W
2026/09/26 15:21:29.216, NVIDIA GeForce RTX 3090, <REDACTED_GPU_UUID>, 58, 100 %, 1363 MiB, 24576 MiB, 70.41 W
2026/09/26 15:21:30.217, NVIDIA GeForce RTX 3090, <REDACTED_GPU_UUID>, 59, 2 %, 1616 MiB, 24576 MiB, 159.00 W
2026/09/26 15:21:31.217, NVIDIA GeForce RTX 3090, <REDACTED_GPU_UUID>, 59, 3 %, 1622 MiB, 24576 MiB, 152.89 W
2026/09/26 15:21:32.217, NVIDIA GeForce RTX 3090, <REDACTED_GPU_UUID>, 59, 0 %, 1628 MiB, 24576 MiB, 130.65 W
2026/09/26 15:21:33.218, NVIDIA GeForce RTX 3090, <REDACTED_GPU_UUID>, 59, 0 %, 1615 MiB, 24576 MiB, 130.01 W
2026/09/26 15:21:34.218, NVIDIA GeForce RTX 3090, <REDACTED_GPU_UUID>, 59, 1 %, 1612 MiB, 24576 MiB, 130.09 W
2026/09/26 15:21:35.218, NVIDIA GeForce RTX 3090, <REDACTED_GPU_UUID>, 59, 1 %, 13649 MiB, 24576 MiB, 130.12 W
2026/09/26 15:21:36.218, NVIDIA GeForce RTX 3090, <REDACTED_GPU_UUID>, 60, 97 %, 13674 MiB, 24576 MiB, 148.05 W
2026/09/26 15:21:37.218, NVIDIA GeForce RTX 3090, <REDACTED_GPU_UUID>, 65, 89 %, 14761 MiB, 24576 MiB, 223.76 W
2026/09/26 15:21:38.218, NVIDIA GeForce RTX 3090, <REDACTED_GPU_UUID>, 61, 3 %, 14748 MiB, 24576 MiB, 271.55 W
2026/09/26 15:21:39.219, NVIDIA GeForce RTX 3090, <REDACTED_GPU_UUID>, 61, 0 %, 14748 MiB, 24576 MiB, 154.47 W
2026/09/26 15:21:40.219, NVIDIA GeForce RTX 3090, <REDACTED_GPU_UUID>, 61, 3 %, 14748 MiB, 24576 MiB, 135.90 W
2026/09/26 15:21:41.219, NVIDIA GeForce RTX 3090, <REDACTED_GPU_UUID>, 61, 0 %, 14745 MiB, 24576 MiB, 131.32 W
2026/09/26 15:21:42.219, NVIDIA GeForce RTX 3090, <REDACTED_GPU_UUID>, 61, 0 %, 14763 MiB, 24576 MiB, 131.28 W
2026/09/26 15:21:43.219, NVIDIA GeForce RTX 3090, <REDACTED_GPU_UUID>, 61, 0 %, 14751 MiB, 24576 MiB, 131.29 W
2026/09/26 15:21:44.219, NVIDIA GeForce RTX 3090, <REDACTED_GPU_UUID>, 61, 0 %, 14750 MiB, 24576 MiB, 131.40 W
2026/09/26 15:21:45.220, NVIDIA GeForce RTX 3090, <REDACTED_GPU_UUID>, 61, 0 %, 14768 MiB, 24576 MiB, 131.47 W
2026/09/26 15:21:46.220, NVIDIA GeForce RTX 3090, <REDACTED_GPU_UUID>, 61, 3 %, 14769 MiB, 24576 MiB, 132.68 W
2026/09/26 15:21:47.220, NVIDIA GeForce RTX 3090, <REDACTED_GPU_UUID>, 62, 4 %, 14771 MiB, 24576 MiB, 133.00 W
2026/09/26 15:21:48.220, NVIDIA GeForce RTX 3090, <REDACTED_GPU_UUID>, 62, 3 %, 14756 MiB, 24576 MiB, 132.71 W
2026/09/26 15:21:49.220, NVIDIA GeForce RTX 3090, <REDACTED_GPU_UUID>, 62, 4 %, 14769 MiB, 24576 MiB, 135.10 W
2026/09/26 15:21:50.220, NVIDIA GeForce RTX 3090, <REDACTED_GPU_UUID>, 62, 5 %, 14786 MiB, 24576 MiB, 135.37 W
2026/09/26 15:21:51.220, NVIDIA GeForce RTX 3090, <REDACTED_GPU_UUID>, 62, 5 %, 14776 MiB, 24576 MiB, 133.25 W
2026/09/26 15:21:52.221, NVIDIA GeForce RTX 3090, <REDACTED_GPU_UUID>, 62, 4 %, 14771 MiB, 24576 MiB, 133.31 W
2026/09/26 15:21:53.221, NVIDIA GeForce RTX 3090, <REDACTED_GPU_UUID>, 62, 3 %, 14764 MiB, 24576 MiB, 132.84 W
2026/09/26 15:21:54.221, NVIDIA GeForce RTX 3090, <REDACTED_GPU_UUID>, 62, 4 %, 14761 MiB, 24576 MiB, 132.82 W
2026/09/26 15:21:55.221, NVIDIA GeForce RTX 3090, <REDACTED_GPU_UUID>, 60, 8 %, 14751 MiB, 24576 MiB, 95.57 W
2026/09/26 15:21:56.221, NVIDIA GeForce RTX 3090, <REDACTED_GPU_UUID>, 60, 16 %, 14757 MiB, 24576 MiB, 51.86 W
2026/09/26 15:21:57.221, NVIDIA GeForce RTX 3090, <REDACTED_GPU_UUID>, 60, 16 %, 14753 MiB, 24576 MiB, 52.54 W
2026/09/26 15:21:58.221, NVIDIA GeForce RTX 3090, <REDACTED_GPU_UUID>, 59, 12 %, 14746 MiB, 24576 MiB, 46.76 W
2026/09/26 15:21:59.222, NVIDIA GeForce RTX 3090, <REDACTED_GPU_UUID>, 59, 12 %, 14744 MiB, 24576 MiB, 44.41 W
2026/09/26 15:22:00.222, NVIDIA GeForce RTX 3090, <REDACTED_GPU_UUID>, 59, 8 %, 14742 MiB, 24576 MiB, 44.00 W
2026/09/26 15:22:01.222, NVIDIA GeForce RTX 3090, <REDACTED_GPU_UUID>, 59, 23 %, 14748 MiB, 24576 MiB, 43.68 W
2026/09/26 15:22:02.222, NVIDIA GeForce RTX 3090, <REDACTED_GPU_UUID>, 59, 0 %, 14745 MiB, 24576 MiB, 40.07 W
2026/09/26 15:22:03.222, NVIDIA GeForce RTX 3090, <REDACTED_GPU_UUID>, 59, 0 %, 14738 MiB, 24576 MiB, 36.59 W
2026/09/26 15:22:04.222, NVIDIA GeForce RTX 3090, <REDACTED_GPU_UUID>, 59, 0 %, 14739 MiB, 24576 MiB, 38.45 W
2026/09/26 15:22:05.222, NVIDIA GeForce RTX 3090, <REDACTED_GPU_UUID>, 58, 0 %, 14739 MiB, 24576 MiB, 39.20 W
2026/09/26 15:22:06.223, NVIDIA GeForce RTX 3090, <REDACTED_GPU_UUID>, 58, 0 %, 14739 MiB, 24576 MiB, 39.33 W
2026/09/26 15:22:07.223, NVIDIA GeForce RTX 3090, <REDACTED_GPU_UUID>, 58, 0 %, 14740 MiB, 24576 MiB, 36.28 W
2026/09/26 15:22:08.223, NVIDIA GeForce RTX 3090, <REDACTED_GPU_UUID>, 58, 1 %, 14735 MiB, 24576 MiB, 38.64 W
2026/09/26 15:22:09.223, NVIDIA GeForce RTX 3090, <REDACTED_GPU_UUID>, 58, 0 %, 14729 MiB, 24576 MiB, 36.80 W
2026/09/26 15:22:10.223, NVIDIA GeForce RTX 3090, <REDACTED_GPU_UUID>, 58, 0 %, 14709 MiB, 24576 MiB, 37.03 W
2026/09/26 15:22:11.224, NVIDIA GeForce RTX 3090, <REDACTED_GPU_UUID>, 58, 16 %, 14748 MiB, 24576 MiB, 42.11 W
2026/09/26 15:22:12.224, NVIDIA GeForce RTX 3090, <REDACTED_GPU_UUID>, 58, 16 %, 14723 MiB, 24576 MiB, 47.15 W
2026/09/26 15:22:13.224, NVIDIA GeForce RTX 3090, <REDACTED_GPU_UUID>, 58, 16 %, 14730 MiB, 24576 MiB, 44.94 W
2026/09/26 15:22:14.224, NVIDIA GeForce RTX 3090, <REDACTED_GPU_UUID>, 58, 19 %, 14747 MiB, 24576 MiB, 44.30 W
2026/09/26 15:22:15.224, NVIDIA GeForce RTX 3090, <REDACTED_GPU_UUID>, 58, 21 %, 14748 MiB, 24576 MiB, 45.24 W
2026/09/26 15:22:16.224, NVIDIA GeForce RTX 3090, <REDACTED_GPU_UUID>, 58, 26 %, 14745 MiB, 24576 MiB, 46.38 W
2026/09/26 15:22:17.225, NVIDIA GeForce RTX 3090, <REDACTED_GPU_UUID>, 58, 31 %, 14792 MiB, 24576 MiB, 48.92 W
2026/09/26 15:22:18.225, NVIDIA GeForce RTX 3090, <REDACTED_GPU_UUID>, 58, 15 %, 14762 MiB, 24576 MiB, 43.39 W
2026/09/26 15:22:19.225, NVIDIA GeForce RTX 3090, <REDACTED_GPU_UUID>, 58, 14 %, 14760 MiB, 24576 MiB, 42.20 W
2026/09/26 15:22:20.225, NVIDIA GeForce RTX 3090, <REDACTED_GPU_UUID>, 58, 23 %, 14762 MiB, 24576 MiB, 42.73 W
2026/09/26 15:22:21.225, NVIDIA GeForce RTX 3090, <REDACTED_GPU_UUID>, 58, 32 %, 14772 MiB, 24576 MiB, 45.37 W
2026/09/26 15:22:22.225, NVIDIA GeForce RTX 3090, <REDACTED_GPU_UUID>, 58, 8 %, 14768 MiB, 24576 MiB, 44.30 W
2026/09/26 15:22:23.225, NVIDIA GeForce RTX 3090, <REDACTED_GPU_UUID>, 58, 4 %, 14755 MiB, 24576 MiB, 37.01 W
2026/09/26 15:22:24.226, NVIDIA GeForce RTX 3090, <REDACTED_GPU_UUID>, 60, 32 %, 1349 MiB, 24576 MiB, 71.07 W
2026/09/26 15:22:25.226, NVIDIA GeForce RTX 3090, <REDACTED_GPU_UUID>, 61, 0 %, 1596 MiB, 24576 MiB, 159.78 W
2026/09/26 15:22:26.226, NVIDIA GeForce RTX 3090, <REDACTED_GPU_UUID>, 61, 12 %, 4442 MiB, 24576 MiB, 149.63 W
2026/09/26 15:22:27.226, NVIDIA GeForce RTX 3090, <REDACTED_GPU_UUID>, 61, 9 %, 4435 MiB, 24576 MiB, 132.32 W
2026/09/26 15:22:28.226, NVIDIA GeForce RTX 3090, <REDACTED_GPU_UUID>, 61, 10 %, 5665 MiB, 24576 MiB, 133.23 W
2026/09/26 15:22:29.226, NVIDIA GeForce RTX 3090, <REDACTED_GPU_UUID>, 61, 10 %, 6475 MiB, 24576 MiB, 133.53 W
2026/09/26 15:22:30.226, NVIDIA GeForce RTX 3090, <REDACTED_GPU_UUID>, 67, 89 %, 6457 MiB, 24576 MiB, 287.60 W
2026/09/26 15:22:31.227, NVIDIA GeForce RTX 3090, <REDACTED_GPU_UUID>, 63, 0 %, 6479 MiB, 24576 MiB, 241.35 W
2026/09/26 15:22:32.227, NVIDIA GeForce RTX 3090, <REDACTED_GPU_UUID>, 63, 0 %, 6479 MiB, 24576 MiB, 157.12 W
2026/09/26 15:22:33.227, NVIDIA GeForce RTX 3090, <REDACTED_GPU_UUID>, 62, 3 %, 6479 MiB, 24576 MiB, 138.04 W
2026/09/26 15:22:34.227, NVIDIA GeForce RTX 3090, <REDACTED_GPU_UUID>, 62, 7 %, 6461 MiB, 24576 MiB, 133.95 W
2026/09/26 15:22:35.228, NVIDIA GeForce RTX 3090, <REDACTED_GPU_UUID>, 62, 1 %, 6503 MiB, 24576 MiB, 133.75 W
2026/09/26 15:22:36.228, NVIDIA GeForce RTX 3090, <REDACTED_GPU_UUID>, 61, 2 %, 6478 MiB, 24576 MiB, 133.68 W
2026/09/26 15:22:37.228, NVIDIA GeForce RTX 3090, <REDACTED_GPU_UUID>, 61, 0 %, 6463 MiB, 24576 MiB, 133.26 W
2026/09/26 15:22:38.228, NVIDIA GeForce RTX 3090, <REDACTED_GPU_UUID>, 61, 3 %, 6504 MiB, 24576 MiB, 133.54 W
2026/09/26 15:22:39.228, NVIDIA GeForce RTX 3090, <REDACTED_GPU_UUID>, 61, 3 %, 6478 MiB, 24576 MiB, 133.49 W
2026/09/26 15:22:40.229, NVIDIA GeForce RTX 3090, <REDACTED_GPU_UUID>, 61, 3 %, 6458 MiB, 24576 MiB, 133.43 W
2026/09/26 15:22:41.229, NVIDIA GeForce RTX 3090, <REDACTED_GPU_UUID>, 61, 3 %, 6483 MiB, 24576 MiB, 133.28 W
2026/09/26 15:22:42.229, NVIDIA GeForce RTX 3090, <REDACTED_GPU_UUID>, 60, 3 %, 6483 MiB, 24576 MiB, 133.02 W
2026/09/26 15:22:43.229, NVIDIA GeForce RTX 3090, <REDACTED_GPU_UUID>, 60, 3 %, 6467 MiB, 24576 MiB, 133.07 W
2026/09/26 15:22:44.230, NVIDIA GeForce RTX 3090, <REDACTED_GPU_UUID>, 60, 3 %, 6468 MiB, 24576 MiB, 132.79 W
2026/09/26 15:22:45.230, NVIDIA GeForce RTX 3090, <REDACTED_GPU_UUID>, 60, 3 %, 6469 MiB, 24576 MiB, 132.73 W
2026/09/26 15:22:46.230, NVIDIA GeForce RTX 3090, <REDACTED_GPU_UUID>, 60, 3 %, 6472 MiB, 24576 MiB, 132.76 W
2026/09/26 15:22:47.230, NVIDIA GeForce RTX 3090, <REDACTED_GPU_UUID>, 60, 3 %, 6484 MiB, 24576 MiB, 132.94 W
2026/09/26 15:22:48.231, NVIDIA GeForce RTX 3090, <REDACTED_GPU_UUID>, 58, 13 %, 6498 MiB, 24576 MiB, 96.93 W
2026/09/26 15:22:49.231, NVIDIA GeForce RTX 3090, <REDACTED_GPU_UUID>, 57, 21 %, 6477 MiB, 24576 MiB, 50.61 W
2026/09/26 15:22:50.231, NVIDIA GeForce RTX 3090, <REDACTED_GPU_UUID>, 57, 20 %, 6493 MiB, 24576 MiB, 47.03 W
2026/09/26 15:22:51.231, NVIDIA GeForce RTX 3090, <REDACTED_GPU_UUID>, 57, 20 %, 6486 MiB, 24576 MiB, 47.35 W
2026/09/26 15:22:52.232, NVIDIA GeForce RTX 3090, <REDACTED_GPU_UUID>, 56, 22 %, 6482 MiB, 24576 MiB, 49.08 W
2026/09/26 15:22:53.232, NVIDIA GeForce RTX 3090, <REDACTED_GPU_UUID>, 56, 25 %, 6481 MiB, 24576 MiB, 48.61 W
2026/09/26 15:22:54.232, NVIDIA GeForce RTX 3090, <REDACTED_GPU_UUID>, 55, 20 %, 6480 MiB, 24576 MiB, 43.64 W
2026/09/26 15:22:55.232, NVIDIA GeForce RTX 3090, <REDACTED_GPU_UUID>, 55, 20 %, 6481 MiB, 24576 MiB, 43.23 W
2026/09/26 15:22:56.232, NVIDIA GeForce RTX 3090, <REDACTED_GPU_UUID>, 55, 11 %, 6480 MiB, 24576 MiB, 42.31 W
2026/09/26 15:22:57.233, NVIDIA GeForce RTX 3090, <REDACTED_GPU_UUID>, 55, 6 %, 6467 MiB, 24576 MiB, 41.08 W
